price,mileage,power,make_model,date,fuel,gear,offer_type,version,link
23990,150,218,Honda,20-Mar,Gasoline,Manual,Demonstration,CBR1000RR-R Fireblade SP,/offers/honda-others-cbr1000rr-r-fireblade-sp-gasoline-red-c867308b-8d2f-42bd-943a-eb278d5dbe2d
7500,2871,90,BMW F 800 GT,18-Sep,Gasoline,Manual,Used,,/offers/bmw-f-800-gt-gasoline-white-f65273c6-601b-7e55-e053-0100007f0a0f
800,1700,3,Nova Motors Retro Star,19-Oct,Gasoline,,Used,,/offers/nova-motors-retro-star-gasoline-red-f8e797ba-ec6f-9427-e053-0100007f83cc
14990,24345,,Aprilia RSV4,16-Mar,Gasoline,,Used,RF,/offers/aprilia-rsv4-rf-gasoline-silver-1b51fe03-90ac-4fbd-bbce-6b6e69a6106f
6200,25000,128,Kawasaki Ninja ZX-6R,9-Aug,Gasoline,,Used,,/offers/kawasaki-ninja-zx-6r-gasoline-blue-2f8da7b1-3d19-465f-a6fd-5fa64c64edda
1500,3000,1,Aprilia Mojito 50,10-Jul,Gasoline,,Used,,/offers/aprilia-mojito-50-gasoline-black-9283e0e0-2424-4dd0-8e24-68c9dc74e575
10500,1,71,Suzuki V-Strom 650,21-Dec,Gasoline,,Pre-registered,XT ABS DL 650 XT,/offers/suzuki-v-strom-650-xt-abs-dl-650-xt-gasoline-yellow-ab671b3d-5ffe-4083-8a54-bc2b7191c96b
8500,13000,105,Yamaha MT-09,18-May,Gasoline,,Used,,/offers/yamaha-mt-09-gasoline-blue-ab3bb425-ad22-4d3e-9472-90255144fca6
2000,19000,15,Kymco Super Dink 125,16-Oct,Gasoline,,Used,,/offers/kymco-super-dink-125-gasoline-grey-67c53fc4-1b92-d71f-e053-0100007f1efc
8250,6400,126,Yamaha MT-09,19-Jun,Gasoline,,Used,,/offers/yamaha-mt-09-gasoline-grey-936ab0c6-480d-4165-e053-0100007f6df7
23600,2900,84,Harley-Davidson Sport Glide,19-Jun,Gasoline,Manual,Used,,/offers/harley-davidson-sport-glide-gasoline-black-94632abb-770f-1d6e-e053-0100007f0db9
12500,1750,126,Indian FTR 1200,19-Jul,Gasoline,,Used,,/offers/indian-ftr-1200-gasoline-black-64e31ec7-2ea2-2028-e053-0100007f45fc
18000,700,41,Ural Ranger,21-Mar,Gasoline,Manual,Used,Euro4 2WD,/offers/ural-ranger-euro4-2wd-gasoline-black-ce674cc5-eb45-e408-e053-0100007fcab5
1150,14000,10,Kymco Agility 125,15-May,Gasoline,,Used,,/offers/kymco-agility-125-gasoline-black-9aebaf58-787b-4e65-a090-07dccc22c40f
10000,80000,125,Harley-Davidson Night Rod,10-Sep,Gasoline,Manual,Used,Night rod special,/offers/harley-davidson-night-rod-night-rod-special-gasoline-black-95dc7890-de65-4df8-b2cd-78187a8afd67
10000,15300,110,Ducati Hypermotard 939,18-Jul,Gasoline,,Used,,/offers/ducati-hypermotard-939-gasoline-red-fc35a0c6-5231-c44d-e053-0100007fb6a4
12200,4178,110,BMW R nineT,18-Jun,Gasoline,,Used,,/offers/bmw-r-ninet-gasoline-white-a306f0c3-f366-cd51-e053-0100007f3a34
12500,18000,82,Harley-Davidson Road King,Feb-96,Gasoline,Manual,Used,FLHR Road King,/offers/harley-davidson-road-king-flhr-road-king-gasoline-black-40f558ba-a6ad-4cc6-ad2e-b434e30e1c45
9490,10000,,Kawasaki Versys 650,19-Jan,,Manual,Used,GRAND TOURER,/offers/kawasaki-versys-650-grand-tourer-black-0979e668-f61d-446e-94c6-38beb6c10a0d
9490,12600,61,BMW R 1200 C Montauk,4-Jan,Gasoline,Manual,Used,,/offers/bmw-r-1200-c-montauk-gasoline-silver-8887fc9e-e7d5-4016-b925-2e0e60b28835
10000,49500,64,Harley-Davidson Softail,4-May,Gasoline,,Used,,/offers/harley-davidson-softail-gasoline-blue-5b6d9bc5-ece5-3e75-e053-0100007f2c54
9999,0,,Yamaha,21-Jan,,,New,TRACER 7,/offers/yamaha-others-tracer-7-grey-6d7af473-3e07-44d3-999e-9bb118d39c6d
10950,10551,185,Suzuki,15-May,Gasoline,Manual,Used,"Sport GSX R 1000, ABS, Complete titanium Yoshimura",/offers/suzuki-others-sport-gsx-r-1000-abs-complete-titanium-yoshimura-gasoline-blue-e489ad1d-e9de-44e9-a02c-f5a7800e161e
16690,0,,BMW R nineT,19-Jan,,,New,Pure,/offers/bmw-r-ninet-pure-white-f695d424-cf0b-4620-8b8e-fbf340c76812
1100,60,,Others,18-Sep,,Automatic,Used,E-Mover 800W Metallkorb/Kofferraum/Spiegel,/offers/others-others-e-mover-800w-metallkorb-kofferraum-spiegel-red-abb4c5ae-91e4-4914-8a3a-eca09e64a452
8000,5200,68,Peugeot Metropolis,16-Mar,Gasoline,Automatic,Used,400,/offers/peugeot-metropolis-400-gasoline-red-854c0b5f-4633-a57c-e053-e350040a848c
6590,27630,68,Triumph Bonneville T100,9-Jun,,,Used,Black,/offers/triumph-bonneville-t100-black-black-423cfc1f-31e3-4fd1-bff7-b864ec4b2465
7000,8470,61,Kawasaki Vulcan S,19-Jul,Gasoline,,Used,,/offers/kawasaki-vulcan-s-gasoline-orange-27fd18c7-ee6b-a875-e053-0100007f7184
7650,14500,131,Triumph Speed Triple 1050,10-Mar,Gasoline,,Used,,/offers/triumph-speed-triple-1050-gasoline-white-d47454c4-d022-2e53-e053-0100007ff30b
8300,52000,57,Harley-Davidson Low Rider,Apr-89,Gasoline,Manual,Used,,/offers/harley-davidson-low-rider-gasoline-black-92c5e5bc-c485-fc48-e053-0100007f6e8e
11300,41973,152,Ducati Multistrada 1200,16-Jul,Gasoline,Manual,Used,"Enduro 1.Hand , Scheckheftgepfl",/offers/ducati-multistrada-1200-enduro-1-hand-scheckheftgepfl-gasoline-white-d5838155-4b34-4c2a-bb71-e6b392576d25
19990,6000,203,Kawasaki,19-Jan,,,Used,ZX 10 R SE,/offers/kawasaki-others-zx-10-r-se-black-241ed7a5-abfa-47dc-beb7-387ede703440
100,9288,4,Piaggio NRG 50,20-Jun,Gasoline,Automatic,Used,Typ C21,/offers/piaggio-nrg-50-typ-c21-gasoline-black-3805b163-e275-4e33-af50-cda614df5ad1
13490,7883,165,BMW S 1000 XR,18-Jul,Gasoline,Manual,Used,ABS Koffer Topcase 1.Hand,/offers/bmw-s-1000-xr-abs-koffer-topcase-1-hand-gasoline-red-3f97c442-f1ad-4774-bb8e-02ae7465c1c6
10000,36000,148,Ducati Multistrada 1200,12-Mar,Gasoline,,Used,Ducati Multistrada 1200 S Sport full carbon,/offers/ducati-multistrada-1200-ducati-multistrada-1200-s-sport-full-carbon-gasoline-red-8735b410-0bd9-4abc-93c4-964913a694e3
12400,99000,101,Harley-Davidson Road King,9-May,Gasoline,Manual,Used,"Classic ABS FLHRC,Top-Zustand,Voll-Ausstattung!",/offers/harley-davidson-road-king-classic-abs-flhrc-top-zustand-voll-ausstattung-gasoline-black-c4210958-3bfa-4989-94aa-49d5a81d5500
9500,35000,117,Harley-Davidson V-Rod,3-Jul,Gasoline,,Used,Anniversary,/offers/harley-davidson-v-rod-anniversary-gasoline-silver-528650b5-a46a-0d32-e053-0100007fedec
6990,4935,110,MV Agusta Brutale 675,12-Jul,Gasoline,Manual,Used,,/offers/mv-agusta-brutale-675-gasoline-white-1290a8b9-4f56-f606-e053-0100007fa1f8
9000,25000,71,Harley-Davidson Late Shovel,Jul-80,Gasoline,,Used,,/offers/harley-davidson-late-shovel-gasoline-black-b227ffc1-ff3b-2c1b-e053-0100007f1ccc
12500,20000,102,Honda CRF 100,18-Jul,Gasoline,,Used,,/offers/honda-crf-100-gasoline-blue-82d740c4-d927-6d07-e053-0100007fae4d
10750,6000,145,Kawasaki Z 1000,19-May,Gasoline,,Used,SX DE 2019 AVEC 6000 KMS ETAT NEUF GARANTIE DE 12,/offers/kawasaki-z-1000-sx-de-2019-avec-6000-kms-etat-neuf-garantie-de-12-gasoline-green-41e5495e-db8a-4daf-acc6-c7961d708e6d
10790,16829,79,Triumph Bonneville T120,16-Jan,,,Used,,/offers/triumph-bonneville-t120-black-8a5ed8a3-36cc-4a37-9817-1549e2018b9f
11500,30000,170,KTM 1190 RC8,12-Jun,Gasoline,Manual,Used,,/offers/ktm-1190-rc8-gasoline-black-9ed6b47a-88b6-4b81-ac8d-72a36c8755c9
7200,1,1,Yamaha RD 350,Jan-83,Two Stroke Gasoline,,Antique / Classic,4L0 - FMI,/offers/yamaha-rd-350-4l0-fmi-two-stroke-gasoline-blue-03110eba-d9be-5e38-e053-0100007f7983
10890,2800,,BMW C 650 GT,20-Jun,Gasoline,,Used,,/offers/bmw-c-650-gt-gasoline-black-2406a87f-f8e1-4c6b-82ac-2a8e02d8775c
11990,26700,,Kawasaki Versys 1000,17-Jan,,Manual,Used,GRAND TOURER,/offers/kawasaki-versys-1000-grand-tourer-black-29671f56-c291-4904-a803-65ac1b4912d9
22490,250,110,Zero,21-May,Electric,Automatic,Demonstration,SR F Premium 6KW Ladung Modell 2021,/offers/zero-others-sr-f-premium-6kw-ladung-modell-2021-electric-grey-21dbf577-55c7-4e21-bae8-8745b572a750
30000,500,109,Bimota 500 V,Jan-00,Gasoline,,Used,,/offers/bimota-500-v-gasoline-red-c55cbec4-bb6b-031f-e053-0100007ff3a6
1000,777,11,KSR Moto Sirion 125,18-Jun,Gasoline,,Used,,/offers/ksr-moto-sirion-125-gasoline-red-81781c67-aa63-4810-99bb-5e14e89d1b9e
7150,4350,69,Online,20-May,Gasoline,,Used,,/offers/online-others-gasoline-blue-6fa103c2-1a32-8e46-e053-0100007f7329
11500,5917,,Triumph Thruxton,16-Jun,Gasoline,,Used,,/offers/triumph-thruxton-gasoline-black-aa1bc3f2-2fc2-460d-b48c-fc9450ba9e4b
11990,8598,,Yamaha Niken,18-Nov,Gasoline,,Used,,/offers/yamaha-niken-gasoline-grey-048fa9b6-d7e3-4ffb-ba44-fa31c84dddce
23950,14200,,Harley-Davidson Road King,17-Sep,,,Used,FLHRXS SPECIAL 107,/offers/harley-davidson-road-king-flhrxs-special-107-973da54e-acf1-4a51-a59b-25ff8953b97b
12850,15027,67,Harley-Davidson Road King,Jul-00,Gasoline,Manual,Used,FLHRCI Classic Vele Extra s VANCE HINES/TASSEN/SCH,/offers/harley-davidson-road-king-flhrci-classic-vele-extra-s-vance-hines-tassen-sch-gasoline-black-604160ab-6bbe-4c29-b357-b3d934673276
17500,19000,160,Ducati XDiavel,16-Sep,Gasoline,,Used,S 1260,/offers/ducati-xdiavel-s-1260-gasoline-black-585adcc3-96e2-7865-e053-0100007f2260
6200,22415,90,BMW F 800 GT,13-Jun,Gasoline,Manual,Used,*,/offers/bmw-f-800-gt--gasoline-white-b5feb63d-2816-4b47-94c7-413ac3dd5bcb
21354,2500,165,BMW S 1000 XR,21-Mar,Gasoline,Manual,Demonstration,M-Carbon|Touren|Dynamik Paket,/offers/bmw-s-1000-xr-m-carbon-touren-dynamik-paket-gasoline-grey-23049b06-4847-4497-81f4-86e370026dc4
10950,29900,,Ducati Multistrada 1200,13-Feb,Gasoline,,Used,S TOURING NIEUWSTA,/offers/ducati-multistrada-1200-s-touring-nieuwsta-gasoline-silver-71b9b1bd-8e94-4101-a1e3-fd79dcbe1615
8300,30000,95,Triumph Tiger 800,17-Aug,Gasoline,,Used,,/offers/triumph-tiger-800-gasoline-blue-f3b761c5-6a15-9f1b-e053-0100007ff7ba
8200,1,15,TM SMR 300 2T,18-Dec,Two Stroke Gasoline,Manual,Used,SUPERMOTARD,/offers/tm-smr-300-2t-supermotard-two-stroke-gasoline-white-d4711ce5-694c-48c0-ad03-7c147ca7268a
8500,16000,751,Honda X-ADV,18-Jul,Gasoline,,Used,sport,/offers/honda-x-adv-sport-gasoline-white-040358fa-5326-4506-863c-dea635c69dcb
1500,5000,5,Mash City,19-Jul,Gasoline,,Used,vend ou échange contre moto 50cc,/offers/mash-city-vend-ou-echange-contre-moto-50cc-gasoline-white-e38d8322-335d-4580-b311-3c696bf28855
10990,6035,,Honda X-ADV,20-Jun,Gasoline,,Used,750,/offers/honda-x-adv-750-gasoline-silver-0e5dab93-f359-414e-9ef7-51b43280e182
26980,12366,75,Harley-Davidson,13-Apr,Gasoline,Manual,Used,Breakout*260er*LED*Gestretchter Tank*All Black*,/offers/harley-davidson-others-breakout-260er-led-gestretchter-tank-all-black-gasoline-black-9da97253-6abf-4076-bb0b-263760514acb
8300,35722,60,BMW C 650 GT,18-Sep,Gasoline,Automatic,Used,PACK HIGHLINE,/offers/bmw-c-650-gt-pack-highline-gasoline-black-58ca26d8-8bf5-4789-af57-8ea9cd763e12
15200,7500,125,BMW R 1200 RT,18-Oct,Gasoline,,Used,,/offers/bmw-r-1200-rt-gasoline-black-1dc917c3-bc40-3919-e053-0100007f712c
2200,15015,,Piaggio XEvo 125,12-Apr,Gasoline,,Used,,/offers/piaggio-xevo-125-gasoline-black-f85a3235-a0a6-4d91-8730-91574ef69411
12490,3026,48,BMW F 900 XR,21-Feb,Gasoline,Manual,Used,,/offers/bmw-f-900-xr-gasoline-white-c6e94d16-3ca6-4173-8d2e-bd76b1d391e0
7490,6589,45,Piaggio MP3 500,21-Jun,Gasoline,,Used,LT HPE Sport,/offers/piaggio-mp3-500-lt-hpe-sport-gasoline-green-2f8c4ba5-43aa-4c80-8234-ac8592975117
2500,1315,44,Vespa Primavera 50,18-May,Gasoline,,Used,,/offers/vespa-primavera-50-gasoline-white-93ac3ec6-7ddc-6747-e053-0100007f622b
8950,36700,,Yamaha YZF-R1,11-Mar,Gasoline,,Used,BIG-BANG AKRA NIEUWSTAAT!!,/offers/yamaha-yzf-r1-big-bang-akra-nieuwstaat-gasoline-white-c5e153ef-b7f7-4eac-a10c-482e3495f5e9
10000,1600,65,Triumph Bonneville T100,21-May,Gasoline,,Used,,/offers/triumph-bonneville-t100-gasoline-blue-e7408334-d416-4930-a52b-7d3e76956c16
9999,0,,Honda NC 750,21-Jan,,,New,X DCT,/offers/honda-nc-750-x-dct-black-eecf79ac-4e27-479a-a04a-e88fd36f3823
899,120,1,Access,20-Oct,Electric,Automatic,Used,Access 37′ Offroad E-Scooter/ reduzierter Vorf.,/offers/access-other-access-37-offroad-e-scooter-reduzierter-vorf-electric-orange-e69329bb-0ca5-4915-b130-06f8b8dec29c
2290,50900,22,Piaggio MP3 300,10-Nov,Gasoline,Automatic,Used,,/offers/piaggio-mp3-300-gasoline-red-d85c7004-6ce1-4b6f-aec7-35f8434d75f5
1000,78000,12,Honda SH 150,9-May,Gasoline,Automatic,Used,,/offers/honda-sh-150-gasoline-black-cb7b75c6-f300-3327-e053-0100007fb744
16199,0,,Kawasaki Ninja 1000SX,21-Jan,,,New,,/offers/kawasaki-ninja-1000sx-green-4d6dc01c-d210-440d-be30-d0471906c068
6745,1057,54,Honda NC 750,20-Mar,Gasoline,Automatic,Used,S DCT,/offers/honda-nc-750-s-dct-gasoline-red-a8e2e626-1d0c-4e76-8ae1-6ee6b358ed90
12500,31213,76,Harley-Davidson Dyna Super Glide,10-Jan,Gasoline,Manual,Used,,/offers/harley-davidson-dyna-super-glide-gasoline-black-8043d7bf-3153-663b-e053-0100007f6ce5
8899,48040,129,Honda Crosstourer,13-Jan,Gasoline,Manual,Used,,/offers/honda-crosstourer-gasoline-red-2c985bc4-15a8-6b75-e053-0100007ffc5a
6990,7000,82,Ducati Monster 796,11-Jan,Gasoline,Manual,Used,,/offers/ducati-monster-796-gasoline-black-00945b62-d520-4f2a-a42a-756156d601f4
7490,5512,33,Yamaha X-Max 400,20-Jan,,,Used,TECH MAX,/offers/yamaha-x-max-400-tech-max-grey-44caee9b-0316-4bde-98e5-1731a769d22e
11250,38800,125,BMW R 1200 GS,13-Apr,Gasoline,,Used,,/offers/bmw-r-1200-gs-gasoline-red-9d4deef4-eb6e-43e1-a4df-10b6e9b234f8
10500,24000,125,Suzuki Intruder M,7-May,Gasoline,,Used,,/offers/suzuki-intruder-m-gasoline-black-2e51540b-696a-4558-a473-26f7fafe6dc7
9200,12000,131,Kawasaki Ninja ZX-6R,17-Mar,Gasoline,,Used,,/offers/kawasaki-ninja-zx-6r-gasoline-green-5c83d0c4-e044-4477-e053-0100007f54b9
15499,0,,Suzuki V-Strom 1050,21-Jan,,,New,XT,/offers/suzuki-v-strom-1050-xt-yellow-451445fe-ba37-46c9-bbcb-e919f2c0de96
299,10800,5,SYM GTS 300,5-Mar,Gasoline,,Used,,/offers/sym-gts-300-gasoline-blue-0a63b38d-37c0-405a-b5a6-7206414d35e1
13489,18381,140,Ducati 899 Panigale,13-Nov,Gasoline,Manual,Used,DUCATI Limbächer,/offers/ducati-899-panigale-ducati-limbaecher-gasoline-red-ccd85ea6-9886-4ebd-b3ba-1c38851e74d2
8000,12000,95,Ducati Monster 1100,11-Jun,Gasoline,,Used,,/offers/ducati-monster-1100-gasoline-red-4865c337-eaf9-465e-ba29-9b2ef0eeb5dd
16390,2500,136,BMW R 1250 RS,21-Mar,Gasoline,Manual,Demonstration,LED SCHEINWERFER,/offers/bmw-r-1250-rs-led-scheinwerfer-gasoline-black-9a190585-9382-4a2e-a72f-dde555fd41bb
10795,47519,173,KTM 1290 Super Duke GT,17-Feb,Gasoline,,Used,Tour ABS ** Nieuwstaat **,/offers/ktm-1290-super-duke-gt-tour-abs-nieuwstaat-gasoline-1e3378ed-dcb0-49b7-a6d5-486d0acf3a7c
19999,16222,,Indian Chieftain,18-Apr,Gasoline,,Used,DARKHORSE,/offers/indian-chieftain-darkhorse-gasoline-black-f465074d-8b4d-4eb9-aead-a915bbc2285e
8000,90000,150,KTM 1190 Adventure,14-Jul,Gasoline,,Used,,/offers/ktm-1190-adventure-gasoline-white-95084598-0407-4e58-815c-b2edad4242ac
7100,3320,68,Kawasaki Ninja 650,20-Jun,Gasoline,,Used,,/offers/kawasaki-ninja-650-gasoline-black-469299c2-8f4b-0178-e053-0100007f676d
6489,3835,54,Honda NC 750,15-Jun,Gasoline,Manual,Used,"X - 1. Hand, HONDA Stuttgart",/offers/honda-nc-750-x-1-hand-honda-stuttgart-gasoline-6097a410-0fc0-4794-a050-3e77f3c8de79
7500,21000,60,BMW C 650 GT,16-Jan,Gasoline,,Used,0,/offers/bmw-c-650-gt-0-gasoline-brown-8482ffe1-6b32-4451-bcc8-85cbec6a2b3e
6700,10200,125,Suzuki GSX-R 600,11-Jul,Gasoline,,Used,,/offers/suzuki-gsx-r-600-gasoline-white-56f23fbd-8eca-a309-e053-0100007fce2d
9999,6900,79,Arctic Cat 1000,17-Aug,Gasoline,Automatic,Used,,/offers/arctic-cat-1000-gasoline-white-6a88b4bf-5726-7514-e053-0100007f7865
7698,0,,Honda,21-Jan,,Automatic,New,FORZA 350,/offers/honda-others-forza-350-grey-a67cb2d9-4553-42d4-a8ab-161908effa28
10500,15984,67,Harley-Davidson Sportster 1200,11-Apr,Gasoline,Manual,Used,NIGHSTER,/offers/harley-davidson-sportster-1200-nighster-gasoline-black-11c5cbbb-37ef-42f3-99b2-05c68b75cacc
16800,23758,79,Harley-Davidson Fat Boy,14-Nov,Gasoline,Manual,Used,,/offers/harley-davidson-fat-boy-gasoline-grey-4dc471c6-98d2-303e-e053-0100007fca41
1250,44000,20,Yamaha X-City 250,11-Sep,Gasoline,,Used,,/offers/yamaha-x-city-250-gasoline-white-404755c0-3f81-d92d-e053-0100007fb4db
11500,12000,67,Harley-Davidson,14-Nov,Gasoline,,Used,seventy two,/offers/harley-davidson-others-seventy-two-gasoline-grey-a9f3c0ba-56bc-7727-e053-0100007f50c8
13875,14545,125,BMW R 1200 RT,17-Apr,Gasoline,,Used,,/offers/bmw-r-1200-rt-gasoline-bronze-4438b8c1-68cd-3f66-e053-0100007f7dd9
15900,54000,45,BMW R 80,Jun-85,Gasoline,,Used,KIT Paris Dakar,/offers/bmw-r-80-kit-paris-dakar-gasoline-white-0f581bcd-cff4-49ec-836e-3aa12b7be723
12000,14931,95,Victory High-Ball,11-Nov,Gasoline,Manual,Used,,/offers/victory-high-ball-gasoline-black-1570e1c0-2a05-7e13-e053-0100007f6fbd
1200,19000,4,Aprilia SR 50,11-Jul,Two Stroke Gasoline,Automatic,Used,Racing,/offers/aprilia-sr-50-racing-two-stroke-gasoline-white-d9c5b34e-935c-4a4f-8ac2-745191d42806
11195,1,64,Moto Guzzi V 7,21-Jan,Gasoline,Manual,New,IV 850 STONE ROUGH BLACK E5,/offers/moto-guzzi-v-7-iv-850-stone-rough-black-e5-gasoline-black-7f874aa5-f059-439d-b403-5191443eba5f
1300,14000,1,Kymco People S 200i,11-Mar,Gasoline,,Used,,/offers/kymco-people-s-200i-gasoline-black-8ed8a438-0830-49e8-abc2-d2550ec3d500
12500,26350,193,BMW S 1000 RR,14-Mar,Gasoline,Manual,Used,,/offers/bmw-s-1000-rr-gasoline-black-797d53c3-5d6e-983d-e053-0100007f83b8
9000,48037,95,Honda CRF 1000,17-Feb,Gasoline,,Used,,/offers/honda-crf-1000-gasoline-white-160618c7-487c-f519-e053-0100007f4f91
11990,5200,,Honda CB 1000,18-Jul,Gasoline,,Used,R,/offers/honda-cb-1000-r-gasoline-black-67576f66-27b9-4546-9b45-71ce01d8e4ab
2490,42145,77,Honda CBF 600,5-Mar,Others,,Used,SA,/offers/honda-cbf-600-sa-others-grey-fac0b4e3-79ea-4079-9690-9db7a90bda55
17400,850,152,Ducati Diavel,20-May,Gasoline,Manual,Used,X DIAVEL 1260,/offers/ducati-diavel-x-diavel-1260-gasoline-grey-5fa5de23-7c91-4cf8-b51e-2b71ad2e8801
1890,45061,,Yamaha MT-03,9-May,Gasoline,,Used,300,/offers/yamaha-mt-03-300-gasoline-black-579365a0-2ef1-4822-9d66-3e49dc1fbd3c
10995,7975,,Yamaha XVS 1300,16-Jan,,,Used,Custom,/offers/yamaha-xvs-1300-custom-black-fd050ede-1dc6-450d-ba7a-c787101c35c0
12000,1900,101,BMW F 850 GS,20-May,Gasoline,,Used,,/offers/bmw-f-850-gs-gasoline-white-d948b2bf-ffa1-063d-e053-0100007f26cb
13000,15112,162,Ducati Diavel,15-May,Gasoline,Manual,Used,ABS con kit Touring,/offers/ducati-diavel-abs-con-kit-touring-gasoline-black-7bf84835-d3b1-464e-ba25-3c3400e212ce
1200,260,125,Lambretta,14-May,Gasoline,,Used,lambretta pato 125n,/offers/lambretta-others-lambretta-pato-125n-gasoline-blue-08d2fa64-96b0-4d59-ade0-73fcc9294940
6950,16423,48,Honda CB 500,19-May,Gasoline,Manual,Used,X,/offers/honda-cb-500-x-gasoline-grey-83290e0a-c85b-48e3-9cca-b2414fd7d2e7
7390,23300,46,Moto Guzzi V 7,18-Aug,Gasoline,Manual,Used,V7 III Limited + Navi,/offers/moto-guzzi-v-7-v7-iii-limited-navi-gasoline-black-19df3683-3e4e-4c68-ab88-61e8f4849197
8000,27565,114,Yamaha Tracer 900,16-Aug,Gasoline,,Used,,/offers/yamaha-tracer-900-gasoline-blue-50b54bc3-b167-2d42-e053-0100007fe781
17900,1,19,Moto Guzzi,Dec-57,Gasoline,,Used,,/offers/moto-guzzi-others-gasoline-red-dca6aebd-0a6f-3b7c-e053-0100007f2474
9500,2538,125,Kawasaki Z 900,20-Jul,Gasoline,,Used,MY20 BJ 2020,/offers/kawasaki-z-900-my20-bj-2020-gasoline-grey-a0c08c85-a091-4aef-9067-bcf9f057b3fe
10900,13879,58,Harley-Davidson,Jul-60,Gasoline,,Used,Shovelhead,/offers/harley-davidson-others-shovelhead-gasoline-violet-5ef288c6-34e6-d103-e053-0100007f98e6
18800,3500,73,Harley-Davidson Rocker C,11-Jan,Gasoline,Manual,Used,,/offers/harley-davidson-rocker-c-gasoline-black-b0fd49c6-ac06-da77-e053-0100007fadf2
1800,1000,20,LML Star 150,10-May,Gasoline,,Used,portapacchi,/offers/lml-star-150-portapacchi-gasoline-green-bc4dcf18-aa03-4db0-9fb7-d67e6a7ff1d5
10490,901,,Yamaha SCR 950,20-Jan,,,New,Demo,/offers/yamaha-scr-950-demo-red-9b39dae6-25aa-4549-8582-b1e9fe507b29
9798,0,,Honda CB 650,21-Jan,,,New,R ABS,/offers/honda-cb-650-r-abs-black-9b61dd5b-76fd-4c03-82b7-f3637f950af6
200,55000,15,Aprilia Scarabeo,2-Jul,Gasoline,,Used,,/offers/aprilia-scarabeo-gasoline-gold-0a6d3fc2-5acc-9b6b-e053-0100007ffba6
8000,5200,68,Peugeot Metropolis,16-Mar,Gasoline,Automatic,Used,400,/offers/peugeot-metropolis-400-gasoline-red-854c0b5f-4633-a57c-e053-e350040a848c
6000,10400,41,Ducati Scrambler,16-Jun,Gasoline,,Used,,/offers/ducati-scrambler-gasoline-orange-2f8664d8-c0ca-4adf-a6e1-bbd5085c9c32
18799,185,,KTM 790 Adventure,20-Dec,,Manual,Used,R Rally,/offers/ktm-790-adventure-r-rally-7cb455a4-4301-4e9e-adcc-79490313b5ea
9000,12000,67,Harley-Davidson Sportster Forty Eight,12-Oct,Gasoline,,Used,,/offers/harley-davidson-sportster-forty-eight-gasoline-black-c4ad2dc0-02ad-f33c-e053-0100007f8fd5
7000,24100,110,Ducati Hypermotard 821,13-May,Gasoline,,Used,,/offers/ducati-hypermotard-821-gasoline-black-86f6b9fc-a5cf-468e-b20d-6c8c6b9e8c7f
900,11350,5,Kymco Dink 50,11-Jun,Two Stroke Gasoline,,Used,50 ccm,/offers/kymco-dink-50-50-ccm-two-stroke-gasoline-grey-c70b78bb-93a4-c51b-e053-0100007f0223
2499,990,8,Yamaha D'elight,19-Mar,Gasoline,Automatic,Used,"125 ""1. Hand, Scheckheft, nur 990 km""",/offers/yamaha-d-elight-125-1-hand-scheckheft-nur-990-km-gasoline-white-cd6b5e85-00c3-4b81-aa90-0769ef04910f
14990,150,,Yamaha,20-Jan,Gasoline,,Used,,/offers/yamaha-gasoline-red-9f67bfad-ff4a-473c-a034-81e3532d80c7
12990,5000,,Indian FTR 1200,19-Jun,Gasoline,,Used,S REPLICA,/offers/indian-ftr-1200-s-replica-gasoline-black-f6b16690-3217-4d0c-863c-0ba5befe968d
9789,15239,140,Triumph Speed Triple 1050,17-Mar,Gasoline,Manual,Used,,/offers/triumph-speed-triple-1050-gasoline-red-a24dcabb-3960-1231-e053-0100007f2dd0
10789,25109,137,Ducati Monster 1200,15-Jul,Gasoline,Manual,Used,S STRIPE - Zahnriemen Neu!,/offers/ducati-monster-1200-s-stripe-zahnriemen-neu-gasoline-red-155c6ee5-54fd-4854-bbed-5a1a24c93055
8200,31000,67,Harley-Davidson Sportster 1200,9-Jul,Gasoline,,Used,,/offers/harley-davidson-sportster-1200-gasoline-white-8801afc5-89a5-3b4d-e053-0100007f62ab
9000,410,86,Ducati Scrambler,19-Oct,Gasoline,Manual,Used,1100 Yellow 2019,/offers/ducati-scrambler-1100-yellow-2019-gasoline-yellow-c8a8f16f-75b9-4f96-89ca-7a30d270e92d
20500,13336,,BMW R 1250 GS Adventure,20-Jun,Gasoline,,Used,,/offers/bmw-r-1250-gs-adventure-gasoline-blue-84a21b3d-5fb9-4833-8dff-0e2a90c208bb
21490,5000,131,BMW R 1250 RT,21-Mar,Gasoline,,Demonstration,0,/offers/bmw-r-1250-rt-0-gasoline-blue-b1063960-9823-4b97-8a54-5ea3ec1ccd09
17990,19000,84,Harley-Davidson Road King,15-Sep,Gasoline,Manual,Used,,/offers/harley-davidson-road-king-gasoline-black-5a715cbe-3ffe-4f1c-e053-0100007f2ca9
11950,4244,95,BMW F 800 GS,18-May,Gasoline,,Used,,/offers/bmw-f-800-gs-gasoline-green-0a9c31ba-5cb6-910d-e053-0100007f5c3e
11489,45,107,Suzuki,20-Dec,Gasoline,Manual,Used,"DL 1050 V STROM - Versand bundesweit ab 99,-",/offers/suzuki-others-dl-1050-v-strom-versand-bundesweit-ab-99-gasoline-black-affcbc15-5adb-40a1-899a-27484f6fa169
2000,10500,11,Piaggio Liberty 125,18-Jan,Gasoline,,Used,Liberty 125 S,/offers/piaggio-liberty-125-liberty-125-s-gasoline-grey-fe554bba-7e15-a226-e053-0100007f6236
57990,692,215,BMW HP4,19-Mar,Gasoline,Manual,Used,Race Nr.336,/offers/bmw-hp4-race-nr-336-gasoline-white-311ea4c5-ffda-4505-8aef-774c7c8a8938
10990,4530,,Husqvarna,20-Jan,,,Used,701 ENDURO,/offers/husqvarna-others-701-enduro-674486f1-d51f-4eda-b7a8-a25c3e0ece56
10000,24000,110,BMW R 1200 RT,12-Mar,Gasoline,,Used,,/offers/bmw-r-1200-rt-gasoline-grey-eacfbbbc-6046-fa2d-e053-0100007f5f22
16700,1950,102,Honda CRF 1100,20-Nov,Gasoline,Automatic,Used,,/offers/honda-crf-1100-gasoline-gold-556580c4-3989-856f-e053-0100007fd476
6200,5000,29,Yamaha X-Max 300,19-Jun,Gasoline,,Used,Unico nel suo genere,/offers/yamaha-x-max-300-unico-nel-suo-genere-gasoline-grey-2f8c3a61-c14e-4c4a-81b4-3db204351b85
8000,55500,155,Ducati Multistrada 1200,10-Aug,Gasoline,,Used,,/offers/ducati-multistrada-1200-gasoline-red-dbb291aa-f4d6-4251-8503-57da8039bcbf
14500,14000,125,BMW R 1200 RT,16-Mar,Gasoline,,Used,,/offers/bmw-r-1200-rt-gasoline-bronze-e5b20c67-fb06-49ec-b873-033ec7ee2c1e
10500,14000,140,MV Agusta Dragster,15-Jul,Gasoline,,Used,rr,/offers/mv-agusta-dragster-rr-gasoline-white-72611630-a10b-44ac-b51f-2e84608e2272
1200,1,15,Piaggio Zip SP,12-Sep,Two Stroke Gasoline,,Used,polini,/offers/piaggio-zip-sp-polini-two-stroke-gasoline-black-343ad043-1f42-44ef-993b-30293dcd109d
7000,9116,126,Triumph Tiger 800,14-Jun,Gasoline,,Used,,/offers/triumph-tiger-800-gasoline-black-0a99b7c3-2f63-fe78-e053-0100007f1d58
11500,17500,173,KTM 1290 Super Duke R,14-Jul,Gasoline,Manual,Used,,/offers/ktm-1290-super-duke-r-gasoline-orange-f96e6cbc-e376-5431-e053-0100007faa1d
31600,850,106,Harley-Davidson,20-Apr,Electric,Automatic,Demonstration,,/offers/harley-davidson-electric-black-a4fa7be4-5d1e-4998-a473-fa9e37545b2a
11990,610,,Suzuki Katana 1000,19-Aug,Gasoline,,Used,,/offers/suzuki-katana-1000-gasoline-silver-26fc411e-e798-446c-b3f0-ebb5e6fad082
2990,15880,,Honda,14-Jun,Gasoline,,Used,,/offers/honda-gasoline-white-49a87970-e9f7-4373-b5fb-cce27026cd1c
12999,39000,79,Harley-Davidson Fat Bob,14-Jul,Gasoline,,Used,dyna,/offers/harley-davidson-fat-bob-dyna-gasoline-black-15d230b8-6aa8-4d8a-a1b3-f993c2da3cd9
6250,17000,106,Yamaha XT 1200,10-May,Gasoline,Manual,Used,Z,/offers/yamaha-xt-1200-z-gasoline-silver-e6bef3bb-f6ef-c227-e053-0100007f9e09
9999,0,,Kawasaki W 800,21-Jan,,,New,ABS,/offers/kawasaki-w-800-abs-black-ab5af424-e0c7-4912-9070-297aeabc0ec1
12890,690,95,Honda CRF 1000,20-Feb,Gasoline,Automatic,Used,Africa Twin CRF 1000 L DCT * wie neu * Zubehör,/offers/honda-crf-1000-africa-twin-crf-1000-l-dct-wie-neu-zubehoer-gasoline-d5ad4ca4-9996-4afc-ac77-cad78526d71c
18000,25000,125,BMW R 1200 GS Adventure,18-May,Gasoline,,Used,"triple black, pachetto Dynamic",/offers/bmw-r-1200-gs-adventure-triple-black-pachetto-dynamic-gasoline-black-543d1ec5-1ae1-4440-91ff-fe8742de8e85
8500,75000,73,Kawasaki VN 1700,11-Aug,Gasoline,,Used,,/offers/kawasaki-vn-1700-gasoline-black-8c0fcac0-b66e-fd47-e053-0100007fac0b
1590,2352,10,Kymco Super 8,13-Apr,Gasoline,Automatic,Used,125 ccm,/offers/kymco-super-8-125-ccm-gasoline-black-6d33f42a-541f-4ff6-bdae-db3a99b157bb
14790,14300,125,BMW R 1250 GS,17-Apr,Gasoline,Manual,Used,,/offers/bmw-r-1250-gs-gasoline-black-2c2ccac6-f63a-3305-e053-0100007f37b5
6500,7100,61,Kawasaki Vulcan S,16-Apr,Gasoline,,Used,Typ EN650A Variante B1 Version X,/offers/kawasaki-vulcan-s-typ-en650a-variante-b1-version-x-gasoline-black-390c8f39-aabc-4f0f-b1b9-7b58965adc40
17000,20000,121,Harley-Davidson VRSC V-Rod,5-Apr,Gasoline,,Used,,/offers/harley-davidson-vrsc-v-rod-gasoline-black-bf0a27c5-66d4-bb07-e053-0100007fedd1
14500,17800,84,Harley-Davidson Road King,11-Aug,Gasoline,,Used,,/offers/harley-davidson-road-king-gasoline-black-7f2d019c-4255-8676-e053-e250040a9a68
9000,114000,71,Harley-Davidson Road King,6-Jan,Gasoline,,Used,FLHRi,/offers/harley-davidson-road-king-flhri-gasoline-grey-a91b5fba-5e45-bd68-e053-0100007f6986
24990,2200,84,Indian Chieftain,20-Apr,Gasoline,Manual,Used,,/offers/indian-chieftain-gasoline-brown-1879f0c3-75ce-507b-e053-0100007f80b1
1500,90000,77,Honda CBF 600,9-Jun,Gasoline,,Used,,/offers/honda-cbf-600-gasoline-red-aad0ecc2-515c-cf0c-e053-0100007f24a6
6000,17300,128,Kawasaki Ninja ZX-6R,9-Mar,Gasoline,Manual,Used,Zx6r,/offers/kawasaki-ninja-zx-6r-zx6r-gasoline-black-8ce7bf1a-3521-468b-8cbb-213023a9c99b
11999,27000,193,BMW S 1000 RR,13-Dec,Gasoline,,Used,,/offers/bmw-s-1000-rr-gasoline-white-afd83b5e-1342-4998-9833-c7aaf58cfa39
1000,650,11,Lifan King 125,11-Mar,Gasoline,,Used,,/offers/lifan-king-125-gasoline-black-c225e857-b7ce-fe2f-e053-e350040a1486
2200,4400,12,Yamaha NMAX,18-Jul,Gasoline,,Used,125,/offers/yamaha-nmax-125-gasoline-grey-711dfbfe-5cd0-4160-8468-6a83791aad1b
7199,1219,114,Suzuki GSX-S 750,18-May,Gasoline,Manual,Used,,/offers/suzuki-gsx-s-750-gasoline-blue-97169abb-db6a-0758-e053-0100007fb0ef
13500,19000,201,Suzuki GSX-R 1000,19-Jun,Gasoline,,Used,Abs,/offers/suzuki-gsx-r-1000-abs-gasoline-black-490cbe58-9322-40ac-9841-c0064976bab4
1000,31000,15,Honda SH 125,12-Feb,Gasoline,Automatic,Used,,/offers/honda-sh-125-gasoline-white-4079c0b9-7c4f-bc5d-e053-0100007face9
10658,7830,125,Suzuki VZR 1800,9-Nov,Gasoline,Manual,Used,,/offers/suzuki-vzr-1800-gasoline-white-6c25f5bd-2787-aa10-e053-0100007fa0e9
19900,4320,136,Can Am Maverick,16-Jun,Gasoline,Automatic,Used,Commander Max XT,/offers/can-am-maverick-commander-max-xt-gasoline-2852e3a2-8c2e-4d6b-aa63-8f7342521091
10500,2000,120,Kawasaki Versys 1000,18-Sep,Gasoline,,Used,,/offers/kawasaki-versys-1000-gasoline-green-154b17b7-c6fd-4f1e-8165-184c993d897d
7400,9000,69,Kawasaki Versys 650,18-May,Gasoline,Manual,Used,"ABS - ""Tourer"" - 2018 Km 9000",/offers/kawasaki-versys-650-abs-tourer-2018-km-9000-gasoline-white-00574644-f7dd-4a1a-b5fa-3c8f3a0b82e2
11250,5206,110,BMW R nineT,17-Jun,,Manual,Used,Urban GS,/offers/bmw-r-ninet-urban-gs-651c9751-bf84-4f04-ab07-1435a3e987b0
1890,13000,,Suzuki Burgman 200,9-Jul,Gasoline,,Used,,/offers/suzuki-burgman-200-gasoline-black-ec62f482-e12a-4a9a-a9f5-94911eba6b58
11989,11848,137,Ducati Monster 1200,14-Apr,Gasoline,Manual,Used,"S - Heckumbau, CLS EVO",/offers/ducati-monster-1200-s-heckumbau-cls-evo-gasoline-33c38e71-cdf9-453d-9195-11198286be4c
12900,8323,110,BMW R nineT,17-Dec,Gasoline,Manual,Used,Vintage 21 / Option 21 R,/offers/bmw-r-ninet-vintage-21-option-21-r-gasoline-d5eacb38-d870-4478-9e0e-ef9a02289ce1
9000,49100,56,Harley-Davidson FXD,Mar-95,Gasoline,Manual,Used,S DYNA SUPER GLIDE MIT RICK`S RÄDER,/offers/harley-davidson-fxd-s-dyna-super-glide-mit-rick-s-raeder-gasoline-blue-862b6544-b037-40c2-bc68-2e0ba41d4d08
7499,15310,116,Triumph Tiger 1050,12-Jun,Gasoline,,Used,,/offers/triumph-tiger-1050-gasoline-black-ef35e1ba-1b17-a12f-e053-0100007f54af
28240,0,,Ducati,21-Jan,,,New,MULTISTRADA V4 S TRAVEL&amp;RADAR,/offers/ducati-others-multistrada-v4-s-travel-amp-radar-grey-4ba559ab-8052-40fc-ae74-ee37ff8a7b7e
3950,11187,,BMW G 310 GS,18-Mar,Gasoline,Manual,Used,,/offers/bmw-g-310-gs-gasoline-white-d092fdac-0f2b-433f-b53b-5ad108852f38
13850,27999,152,Ducati Multistrada 1200,17-Jun,Gasoline,,Used,,/offers/ducati-multistrada-1200-gasoline-red-c3fbc4bf-5fa0-f144-e053-0100007f0582
13300,7684,126,Indian FTR 1200,20-Mar,Gasoline,Manual,Used,S Race Replica,/offers/indian-ftr-1200-s-race-replica-gasoline-red-cb532783-5f88-4d99-b975-7850211823c9
9500,36383,110,BMW R 1200 GS,12-Feb,Gasoline,Manual,Used,Scheckheftgepflegt,/offers/bmw-r-1200-gs-scheckheftgepflegt-gasoline-silver-22d36e6e-abc0-4b48-950d-57454afb27c2
16108,60000,65,Peugeot,Jun-70,Gasoline,,Used,Peugot 304 Cabriolet Oldtimer,/offers/peugeot-others-peugot-304-cabriolet-oldtimer-gasoline-white-22042263-59e7-4415-95d5-bc98140167ab
800,4169,1,Yamaha Slider 50,16-Dec,Two Stroke Gasoline,,Used,,/offers/yamaha-slider-50-two-stroke-gasoline-black-e947f5c3-2a60-cc3f-e053-0100007f26b4
11000,4500,165,BMW S 1000 R,20-Jul,Gasoline,Semi-automatic,Used,,/offers/bmw-s-1000-r-gasoline-black-22d46bc4-b2d4-0402-e053-0100007f8331
11490,21360,175,Aprilia,15-Jan,,,Used,TUONO V4 1100,/offers/aprilia-others-tuono-v4-1100-silver-01634110-8301-47e7-b091-6b362687911c
9700,4000,46,Yamaha,18-Jul,Gasoline,Manual,Used,T Max 530 T Max 530 SX,/offers/yamaha-others-t-max-530-t-max-530-sx-gasoline-black-356b6735-4b4b-4fbf-a552-67d2d5a38ff4
6400,13048,52,Kymco AK 550,17-Oct,Gasoline,Automatic,Used,i ABS Dekor,/offers/kymco-ak-550-i-abs-dekor-gasoline-black-ab227a63-9462-4c6a-ab83-77eb117e2c0f
9500,871,54,Triumph Bonneville T100,19-May,Gasoline,,Used,black edition,/offers/triumph-bonneville-t100-black-edition-gasoline-black-018702c2-17c8-4d34-ae03-eb73601782c4
7600,11563,200,Kawasaki Ninja ZX-10R,12-Jun,Gasoline,,Used,,/offers/kawasaki-ninja-zx-10r-gasoline-black-afe97ac4-b5b5-d55a-e053-0100007fd6be
10650,5200,53,Harley-Davidson Sportster 883,16-Jun,Gasoline,,Used,IRON 883 ABS FULL OPTIONS AVEC 5200 KMS GARANTIE,/offers/harley-davidson-sportster-883-iron-883-abs-full-options-avec-5200-kms-garantie-gasoline-grey-85705ce5-e010-420d-a490-9a81f920e173
1900,18600,4,Vespa 50,Apr-88,Two Stroke Gasoline,Manual,Used,Vespa PK 50 XL,/offers/vespa-50-vespa-pk-50-xl-two-stroke-gasoline-silver-f24ebb88-b321-4b6c-8d64-8d1f5cd4306f
9000,44083,160,KTM 1190 Adventure,13-Jun,Gasoline,,Used,KTM 1190 Adventuer 2013,/offers/ktm-1190-adventure-ktm-1190-adventuer-2013-gasoline-orange-789a031a-0982-4e49-9373-ba2b1d550135
13399,0,73,Yamaha Ténéré 700,21-Jan,,,New,RALLY EDITION,/offers/yamaha-tenere-700-rally-edition-black-e03a34ca-4762-46bb-989e-f49bb0724f61
11990,55459,71,Harley-Davidson,9-Jul,Gasoline,Manual,Used,FLSTC,/offers/harley-davidson-others-flstc-gasoline-red-7ef4ea07-bee7-470c-a3d1-e55a74bec35b
15000,14000,199,BMW S 1000 RR,16-Jun,Gasoline,,Used,,/offers/bmw-s-1000-rr-gasoline-white-501409c4-f5eb-f209-e053-0100007f17bc
7499,12000,,Kawasaki Versys 650,17-Jan,Gasoline,,Used,ABS,/offers/kawasaki-versys-650-abs-gasoline-grey-87e22cc6-59bb-4255-bc7e-fa10c161764c
8000,1980,60,BMW R 100,Jan-86,Gasoline,,Used,,/offers/bmw-r-100-gasoline-blue-ec9305c7-8669-872c-e053-0100007ff015
16000,13000,116,Harley-Davidson V-Rod,10-Jul,Gasoline,,Used,,/offers/harley-davidson-v-rod-gasoline-black-35a09ec2-688b-0c68-e053-0100007fee72
15200,4400,203,Suzuki GSX-R 1000,20-Jul,Gasoline,,Used,,/offers/suzuki-gsx-r-1000-gasoline-white-2b6b56b9-e3a2-185b-e053-0100007f42cd
1000,11500,3,Aprilia Scarabeo,15-Oct,Two Stroke Gasoline,,Used,,/offers/aprilia-scarabeo-two-stroke-gasoline-black-124435c4-3f44-2c34-e053-0100007fa70a
10499,3653,116,Yamaha Tracer 900,19-Mar,Gasoline,Manual,Used,,/offers/yamaha-tracer-900-gasoline-grey-dfea0e80-dab1-44b1-95c9-65270ea6c914
19500,20800,118,Honda GL 1800,12-Jul,Gasoline,,Used,Trike,/offers/honda-gl-1800-trike-gasoline-silver-e9089a4d-6237-468c-a61d-e1d987ffcb6b
9350,1800,95,Kawasaki Z 900,21-Jun,Gasoline,,Used,,/offers/kawasaki-z-900-gasoline-green-e967c16c-c8a3-415c-9144-731be44c9008
9289,14342,118,Kawasaki Versys 1000,14-Aug,Gasoline,Manual,Used,"Tieferlegung, 1. Hand",/offers/kawasaki-versys-1000-tieferlegung-1-hand-gasoline-silver-a87735c0-142b-4353-bd5a-fd1bc95c2abc
11250,7322,76,BMW F 750 GS,20-Jun,Gasoline,,Used,0,/offers/bmw-f-750-gs-0-gasoline-grey-cc16006f-874a-4948-8b97-9cdcb5c83297
15000,1100,106,Triumph Rocket III Touring,14-Jun,Gasoline,,Used,,/offers/triumph-rocket-iii-touring-gasoline-red-daed4b16-b4dc-4b75-aac9-4f2922a6979a
6520,300,46,Honda,21-Feb,Gasoline,Manual,Demonstration,CMX500 Rebel - jetzt probefahren,/offers/honda-others-cmx500-rebel-jetzt-probefahren-gasoline-grey-ef964750-c3f8-45a5-8d77-d25096f6c2da
8000,3000,116,Yamaha XSR 900,18-Apr,Gasoline,,Used,,/offers/yamaha-xsr-900-gasoline-grey-d3195a1a-f459-43c4-80b2-08ab3a9a1a7c
10500,2140,120,Yamaha MT-09,20-Aug,Gasoline,,Used,MT-09 ABS 2020,/offers/yamaha-mt-09-mt-09-abs-2020-gasoline-black-a3512081-374d-4907-9250-9f44c0a97ae4
10800,42000,76,Harley-Davidson Dyna Super Glide,8-Jul,Gasoline,Manual,Used,,/offers/harley-davidson-dyna-super-glide-gasoline-red-f1156ac0-dd23-052a-e053-0100007f653e
7200,28500,24,BMW R 26,Aug-56,Gasoline,,Used,,/offers/bmw-r-26-gasoline-black-858d62bc-393d-fa6c-e053-0100007f530f
1000,3000,1,Others,15-Mar,Gasoline,,Used,,/offers/others-others-gasoline-red-fc4b7dbd-74fa-3326-e053-0100007fe056
750,16000,14,Kymco Agility 50,14-Oct,Gasoline,,Used,,/offers/kymco-agility-50-gasoline-black-1d6c05b9-e407-ba25-e053-0100007f8bf7
22199,1,,Yamaha YZF-R1,21-Jan,,,New,ABS,/offers/yamaha-yzf-r1-abs-blue-7e4d9487-ebd2-42eb-a269-417ca39a7d6c
7500,6074,551,Suzuki Burgman 650,16-May,Gasoline,,Used,,/offers/suzuki-burgman-650-gasoline-white-b26bd4c2-7dc9-a04d-e053-0100007fb0be
11300,15500,125,BMW R 1200 R,15-Jul,Gasoline,Semi-automatic,Used,,/offers/bmw-r-1200-r-gasoline-white-f968b1c5-db5d-db31-e053-0100007f1f6b
1000,602,1,Luxxon,20-Aug,Electric,,Used,,/offers/luxxon-others-electric-black-918648c1-e423-2c53-e053-0100007f7370
6000,62000,98,BMW R 1200 GS,5-Feb,Gasoline,,Used,,/offers/bmw-r-1200-gs-gasoline-yellow-091f80b9-dbb0-fe40-e053-0100007fc6d0
100,40000,42,Kawasaki KLR 600,Jun-89,Gasoline,,Used,,/offers/kawasaki-klr-600-gasoline-black-f31d66bf-b108-c937-e053-0100007fc151
8000,5000,131,Kawasaki 900 Z,21-Apr,Gasoline,,Used,,/offers/kawasaki-900-z-gasoline-black-96d371c6-6944-5b46-e053-0100007f4157
13750,300,110,BMW R nineT,21-Feb,Gasoline,Manual,Demonstration,URBAN G/S,/offers/bmw-r-ninet-urban-g-s-gasoline-22221637-6241-4014-8c33-990ab12d7310
11360,59200,125,BMW R 1200 RT,14-Mar,Gasoline,Manual,Used,,/offers/bmw-r-1200-rt-gasoline-grey-7f5ab956-1518-4378-8bd2-55493b23567d
12500,15600,160,Ducati Multistrada 1200,17-Apr,Gasoline,,Used,Base,/offers/ducati-multistrada-1200-base-gasoline-red-92639b26-0e5e-4f04-97a9-ad24fe3c4d26
8990,13717,54,Triumph Street Twin,18-Jan,Gasoline,Manual,Used,,/offers/triumph-street-twin-gasoline-grey-5a1fb945-934b-4d5d-b82a-276f16230fe8
17999,28500,118,Honda GL 1800,11-Mar,Gasoline,Manual,Used,,/offers/honda-gl-1800-gasoline-blue-ebc54e4a-d13b-370c-e053-e250040a875e
8500,1900,476,KTM 350 EXC,20-Oct,Gasoline,,Used,F,/offers/ktm-350-exc-f-gasoline-orange-fe4f9e47-4819-4728-8952-23dcaa143610
6300,27300,125,MV Agusta Brutale 800,13-Mar,Gasoline,Manual,Used,,/offers/mv-agusta-brutale-800-gasoline-silver-cb8a3dc2-9ce0-6035-e053-0100007ff4fd
2800,7600,77,Hyosung GT 650i,14-May,Gasoline,,Used,,/offers/hyosung-gt-650i-gasoline-white-b508c0d4-fcab-4074-9454-41640c544158
800,1000,68,Polini,18-Jun,Gasoline,,Used,phantom f 12 r,/offers/polini-others-phantom-f-12-r-gasoline-black-7e44a4ac-d761-4671-bc9f-ed09624af170
9000,12800,86,Yamaha XV 1700,3-May,Gasoline,,Used,,/offers/yamaha-xv-1700-gasoline-black-ee1152c3-eb48-fa32-e053-0100007faf48
1650,676,44,Keeway Superlight,20-Jul,Gasoline,Manual,Used,,/offers/keeway-superlight-gasoline-brown-e8e0ed96-1ca2-43fd-b357-124726cdadc4
7950,70353,109,BMW R 1200 RT,10-Jan,Gasoline,,Used,,/offers/bmw-r-1200-rt-gasoline-black-3b71410c-eb34-4aa9-995c-17c8d0544a40
6000,32800,54,Harley-Davidson Sportster 883,4-Apr,Gasoline,,Used,,/offers/harley-davidson-sportster-883-gasoline-black-a31866c4-66b2-575d-e053-0100007fb87f
6500,14000,87,BMW F 800 R,14-Mar,Gasoline,Manual,Used,,/offers/bmw-f-800-r-gasoline-white-0dd87ec4-4e37-3c58-e053-0100007fb3f4
8990,5100,34,BMW C 400 GT,19-Sep,Gasoline,Automatic,Used,,/offers/bmw-c-400-gt-gasoline-white-b68711b6-5bda-4395-b69f-a0b03ccdd1a0
24500,4998,101,Ducati Panigale V4,19-May,Gasoline,Manual,Used,,/offers/ducati-panigale-v4-gasoline-white-5a109bc6-aa5d-a858-e053-0100007f427b
8990,18150,,BMW F 800 GS,15-Aug,Gasoline,,Used,ABS,/offers/bmw-f-800-gs-abs-gasoline-white-5ed382ee-c578-4666-af75-da01af4bcfbc
11699,24000,,Honda CRF 1000,17-Jan,Gasoline,,Used,L AFRICA TWIN,/offers/honda-crf-1000-l-africa-twin-gasoline-black-367bc15d-4351-49e1-9e5e-91b18cd23539
11800,6300,109,BMW R nineT,19-Aug,Gasoline,,Used,scrambler,/offers/bmw-r-ninet-scrambler-gasoline-blue-c3b7aab1-11c4-4511-af5c-18b1cf1425f0
9000,30000,125,Aprilia Caponord 1200,15-May,Gasoline,,Used,Rally,/offers/aprilia-caponord-1200-rally-gasoline-green-774d938a-aa32-429c-83d5-6858db01e348
10800,11121,27,Hercules,Mar-77,Gasoline,,Used,,/offers/hercules-others-gasoline-black-8160d8c6-c206-1447-e053-0100007f646d
10300,5500,114,Ducati Hypermotard 950,19-Jun,Gasoline,,Used,"TÜV neu, Garantie bis 2023",/offers/ducati-hypermotard-950-tuev-neu-garantie-bis-2023-gasoline-red-65aad550-8f69-4adf-8c8a-e4e485dd1bab
900,7000,10,Jonway,14-Sep,Gasoline,Automatic,Used,,/offers/jonway-others-gasoline-blue-8e0ae3c1-b146-a20f-e053-0100007fafed
2490,300,12,Kymco Like 125,20-Mar,Gasoline,Automatic,Demonstration,/ Like II S 125i CBS,/offers/kymco-like-125-like-ii-s-125i-cbs-gasoline-orange-68b2d702-ae1a-4e13-b733-556b1a6badfd
5900,30349,67,Kawasaki VN 1500,May-91,Gasoline,Manual,Used,unfallfreier Oldtimer aus 1. Hand,/offers/kawasaki-vn-1500-unfallfreier-oldtimer-aus-1-hand-gasoline-red-3b9fb3c6-d1de-d01a-e053-0100007f3405
10389,23200,73,Kawasaki VN 1700,9-Jul,Gasoline,Manual,Used,Classic Tourer TOP-AUSSTATTUNG !,/offers/kawasaki-vn-1700-classic-tourer-top-ausstattung-gasoline-black-503e01c2-3ce7-4e07-9b51-bb16f278a780
10500,5800,,KTM 790 Adventure,19-Jun,Gasoline,,Used,KTM 2019,/offers/ktm-790-adventure-ktm-2019-gasoline-orange-3f883c14-b599-47f0-b2e0-7bec5f41b53e
2000,3680,1,Honda SH 125,10-Jun,Gasoline,,Used,,/offers/honda-sh-125-gasoline-yellow-b3d22ec3-9f5e-344b-e053-0100007f6911
8990,23500,79,Harley-Davidson Fat Bob,9-Feb,Gasoline,Manual,Used,,/offers/harley-davidson-fat-bob-gasoline-black-0a73b41b-8d31-4b4b-b0f9-6fa868a2b454
9000,10000,35,Piaggio,Jan-63,Two Stroke Gasoline,,Used,,/offers/piaggio-others-two-stroke-gasoline-blue-76bbdf12-71ea-451b-a574-6f6f875aca57
7000,4000,65,Harley-Davidson Sportster Forty Eight,16-Oct,Gasoline,,Used,,/offers/harley-davidson-sportster-forty-eight-gasoline-black-21cb21c6-bf33-cc6b-e053-0100007f5bc1
16950,2536,97,Harley-Davidson,6-Jul,Gasoline,,Used,"Big Bear Prosteet ""The Sled"" Uniek",/offers/harley-davidson-others-big-bear-prosteet-the-sled-uniek-gasoline-violet-90e27e07-e662-4ffb-84bc-6effe4964bc8
16000,5622,58,Harley-Davidson,Jul-98,Gasoline,,Used,,/offers/harley-davidson-others-gasoline-black-fede5b0e-c694-41f8-a9c6-21989867b8c7
7500,5000,73,Ducati Scrambler,15-May,Gasoline,,Used,,/offers/ducati-scrambler-gasoline-yellow-043992b9-9eb4-5252-e053-0100007f9955
9800,68498,107,BMW R 1200 RT,14-Mar,Gasoline,Manual,Used,,/offers/bmw-r-1200-rt-gasoline-brown-01164abf-3afe-2a74-e053-0100007f9015
17750,10180,125,BMW R 1200 GS,18-Apr,Gasoline,Manual,Used,,/offers/bmw-r-1200-gs-gasoline-blue-f8fc02c4-7c31-0b51-e053-0100007fff06
2900,57100,33,Suzuki Burgman 400,15-Apr,Gasoline,Automatic,Used,,/offers/suzuki-burgman-400-gasoline-black-b6d379c0-38bd-5d30-e053-0100007f5786
10800,12905,11360,Suzuki V-Strom 1000,19-Apr,Gasoline,,Used,,/offers/suzuki-v-strom-1000-gasoline-black-a4adaf86-4ff3-412b-9bca-fc69c5aa7f2a
13599,0,,Piaggio,21-Jan,,,New,MP3 500 SPORT ADVANCED HPE,/offers/piaggio-others-mp3-500-sport-advanced-hpe-black-24c1b25b-cd7e-4f7b-88d4-1df22403e5b0
11950,45000,95,Victory Vision Tour,14-Sep,Gasoline,,Used,,/offers/victory-vision-tour-gasoline-black-c9d819c4-93ba-b928-e053-0100007f6c2e
18000,43402,82,Moto Guzzi 850 Le Mans,Oct-76,Gasoline,Manual,Used,1976 | Rood | 43.402 km,/offers/moto-guzzi-850-le-mans-1976-rood-43-402-km-gasoline-red-c232ee57-fa30-4fae-b017-7ea03ea4bb4c
9999,16500,193,BMW S 1000 RR,10-Mar,Gasoline,Manual,Used,,/offers/bmw-s-1000-rr-gasoline-white-70e73f49-f3db-46fb-b1cc-93ae26cacc72
13000,1,48,Yamaha TMAX 560,21-Jun,Gasoline,,Used,,/offers/yamaha-tmax-560-gasoline-grey-c3af4f9e-18bd-4f07-babc-2c3d0e7be531
3980,2,14,Honda SH 125,21-Jun,Gasoline,Automatic,Used,i ABS Topcase in div. Farben verfügbar,/offers/honda-sh-125-i-abs-topcase-in-div-farben-verfuegbar-gasoline-fbb19726-8361-4ae4-978a-d537b6db8c9e
12850,107000,118,Honda Gold Wing,9-Feb,Gasoline,,Used,,/offers/honda-gold-wing-gasoline-grey-086499ac-863f-5043-e053-0100007f171e
17500,135,16,Yamaha,20-Nov,Gasoline,,Used,Buggy Wolverline 850,/offers/yamaha-others-buggy-wolverline-850-gasoline-grey-651292bd-c57b-e401-e053-0100007fd15e
13250,2000,110,BMW R nineT,21-May,Gasoline,,Demonstration,"inkl. Gutschein* EUR 500,-",/offers/bmw-r-ninet-inkl-gutschein-eur-500-gasoline-9a9ab08e-4486-4d3a-8ac1-23cdd91fb4b4
6000,36000,150,Suzuki GSX-R 1100,Dec-91,Gasoline,,Used,,/offers/suzuki-gsx-r-1100-gasoline-blue-7679bfbd-b31f-dc73-e053-0100007feabf
6490,4350,54,Honda NC 750,19-Dec,Gasoline,Manual,Used,S | ABS | TOP | Inspektion neu,/offers/honda-nc-750-s-abs-top-inspektion-neu-gasoline-blue-8bf8d750-2de9-4829-a53d-2edf1ce1df59
12500,22100,121,Harley-Davidson VRSC V-Rod,9-Mar,Gasoline,Manual,Used,Muscle VRSCF Vrod,/offers/harley-davidson-vrsc-v-rod-muscle-vrscf-vrod-gasoline-beige-370837c5-4240-3105-e053-0100007f9246
8000,37669,50,BMW R 80,Mar-87,Gasoline,,Used,,/offers/bmw-r-80-gasoline-grey-9b325ec3-c353-5740-e053-0100007f6651
1000,6481,1,Peugeot Kisbee,16-Mar,Gasoline,,Used,,/offers/peugeot-kisbee-gasoline-brown-75130fd5-22ec-4608-8a55-e9e1ee9a1135
8990,31684,129,Honda Crosstourer,13-Jul,Gasoline,Manual,Used,VFR1200XC,/offers/honda-crosstourer-vfr1200xc-gasoline-silver-f913e90f-9b30-4c55-8d89-7e77eec0daba
59900,250,226,Ducati Panigale V4,18-Oct,Gasoline,,Used,SPECIALE,/offers/ducati-panigale-v4-speciale-gasoline-red-843f2a8a-7091-43e8-8a35-5e309d82483e
7899,0,,Yamaha X-Max 400,21-Jan,,,New,ABS,/offers/yamaha-x-max-400-abs-grey-6e38ffe9-06fa-4719-a5cf-1a46842d337d
9299,19221,,Suzuki,15-Dec,Gasoline,,Used,V STROM,/offers/suzuki-v-strom-gasoline-388c330b-7ecb-4ba8-85ae-f866ab137ae9
10999,300,,Yamaha MT-09,21-Jan,,,New,ABS,/offers/yamaha-mt-09-abs-black-4e998074-6362-4b20-b709-e709605b9567
11000,10000,165,BMW S 1000 R,19-May,Gasoline,Manual,Used,,/offers/bmw-s-1000-r-gasoline-black-37281ec4-4424-b135-e053-0100007f1d9e
12000,39645,107,BMW R 1200 GS,14-Feb,Gasoline,,Used,0,/offers/bmw-r-1200-gs-0-gasoline-10c149ca-464e-4b46-ae75-3bf1837a21ae
11900,350,145,Honda,20-Dec,Gasoline,,Used,,/offers/honda-others-gasoline-silver-983e93af-c59a-1b4d-e053-0100007fdfea
6490,1500,,Kymco MXU 550,18-May,Gasoline,Automatic,Used,*nur 1.500 Km* Allrad,/offers/kymco-mxu-550-nur-1-500-km-allrad-gasoline-green-52e821ab-6b98-4df8-b8a4-dea240196019
3299,145,,Piaggio Medley 125,21-Feb,Gasoline,,Used,,/offers/piaggio-medley-125-gasoline-black-c161e7af-94db-4f22-920a-6f4a20c0821c
1100,16000,5,Piaggio Zip 50,10-Oct,Gasoline,,Used,zip 50cc (Hi speed polini),/offers/piaggio-zip-50-zip-50cc-hi-speed-polini-gasoline-blue-fe7c1bba-4e17-4074-e053-0100007fa5b3
11900,8756,158,Ducati Multistrada 1260,18-Jun,Gasoline,,Used,,/offers/ducati-multistrada-1260-gasoline-red-c8dec9c3-7918-9766-e053-0100007fc00f
21500,4300,170,Ducati Multistrada 1100,21-Feb,Gasoline,Manual,Used,V4 S PERFORMANCE,/offers/ducati-multistrada-1100-v4-s-performance-gasoline-red-48c8d74e-9bf2-4baf-88ae-96360764fd0f
10000,21000,77,BMW F 750 GS,18-Jun,Gasoline,,Used,,/offers/bmw-f-750-gs-gasoline-blue-c6e052b9-77fb-b075-e053-0100007f5699
9095,0,,Triumph,21-Jan,,,New,TRIDENT 660,/offers/triumph-others-trident-660-silver-a3be864d-5bbd-41fe-9641-650d22055d89
8350,81000,110,BMW R 1200 GS,12-Aug,Gasoline,,Used,,/offers/bmw-r-1200-gs-gasoline-white-67cb37bf-9add-7907-e053-0100007fa9b5
12499,710,50,Can Am,21-Jun,Gasoline,Automatic,Used,Tour Ryker 600,/offers/can-am-others-tour-ryker-600-gasoline-black-7d693bdc-a530-4d32-b6d0-5770715caa29
7990,50755,110,Yamaha XTZ 1200,12-May,Gasoline,Manual,Used,Super Tenere,/offers/yamaha-xtz-1200-super-tenere-gasoline-black-f2d60511-b215-41d2-a009-dbb30e71e972
6500,11000,48,Yamaha MT-07,19-Jul,Gasoline,,Used,depotenziata,/offers/yamaha-mt-07-depotenziata-gasoline-red-5ae2ad90-05f4-41e1-9cda-c96eff650fa4
19990,1090,73,Moto Guzzi 850 Le Mans,May-80,Gasoline,Manual,Used,II RESTAURATION CAFERACER TOP,/offers/moto-guzzi-850-le-mans-ii-restauration-caferacer-top-gasoline-silver-fdd6f8ab-f211-4a7d-9593-595daba84e63
7300,61,14,KTM 250 EXC,20-Aug,Two Stroke Gasoline,Manual,Used,,/offers/ktm-250-exc-two-stroke-gasoline-orange-3cc4efc6-80a5-0b7c-e053-0100007f8411
12999,0,145,Honda CB 1000,20-Nov,Gasoline,Manual,Pre-registered,RAK PLUS 2ED **AKTIONSPREIS**,/offers/honda-cb-1000-rak-plus-2ed-aktionspreis-gasoline-a050d51c-8b6a-4d84-82f2-1a9a40b2ea8f
14490,4176,165,BMW S 1000 XR,20-Mar,Gasoline,Manual,Used,"Triple Black, Vollausstattung*",/offers/bmw-s-1000-xr-triple-black-vollausstattung-gasoline-35ecdc80-027d-424e-9889-28c938513bfa
12990,70000,71,Harley-Davidson Road King,3-Jan,Gasoline,Manual,Used,100th Anniversary Centenario,/offers/harley-davidson-road-king-100th-anniversary-centenario-gasoline-silver-f6164674-2159-4967-9971-5875645de5ed
22000,31000,76,Harley-Davidson Fat Boy,10-Jan,Gasoline,,Used,,/offers/harley-davidson-fat-boy-gasoline-black-76709b2c-26c2-458f-98a4-afe896b5528c
2500,1500,11,Kymco People S 125,20-Dec,Gasoline,,Used,,/offers/kymco-people-s-125-gasoline-grey-f37fc7c3-9cd7-2d05-e053-0100007fc7eb
10000,22500,140,Triumph Rocket III Roadster,7-Apr,Gasoline,,Used,,/offers/triumph-rocket-iii-roadster-gasoline-yellow-b3629ebc-4f90-9049-e053-0100007fd0bd
8200,15000,77,BMW F 750 GS,18-May,Gasoline,,Used,,/offers/bmw-f-750-gs-gasoline-blue-302dd7c2-a465-6f5a-e053-0100007fe582
10500,10300,73,Ducati Scrambler,16-Jun,Gasoline,Manual,Used,Scrambler Italia Independent (2015 - 16),/offers/ducati-scrambler-scrambler-italia-independent-2015-16-gasoline-black-133a3554-0ec8-4db4-8248-a20989284638
15500,7221,77,Moto Guzzi 850 Le Mans,Jun-83,Gasoline,Manual,Used,,/offers/moto-guzzi-850-le-mans-gasoline-red-8ac075bb-cb00-2733-e053-0100007ff7e1
12500,14772,179,KTM 1290 Super Duke R,17-Feb,Gasoline,,Used,,/offers/ktm-1290-super-duke-r-gasoline-black-629186ba-c7e1-205f-e053-0100007f25d2
10200,5000,163,Harley-Davidson Sportster 1200,9-May,Gasoline,,Used,,/offers/harley-davidson-sportster-1200-gasoline-violet-f87be2c3-6b83-1234-e053-0100007ff198
10950,35835,98,Honda F 6 C,Feb-98,Gasoline,Manual,Used,F6c Valkyrie,/offers/honda-f-6-c-f6c-valkyrie-gasoline-silver-a1ad2301-caaf-41ef-a6e2-dda518c917d1
1600,800,4,Piaggio Liberty 50,21-Mar,Gasoline,,Used,,/offers/piaggio-liberty-50-gasoline-blue-db8ba5c3-452e-a620-e053-0100007f620b
11900,112,48,Yamaha,21-Mar,Gasoline,Automatic,Used,T-Max 560 XP560E GRIGIO OPACO,/offers/yamaha-others-t-max-560-xp560e-grigio-opaco-gasoline-grey-60338549-3507-4ce7-aae5-0c0c5dfeb259
14500,10820,107,BMW K 1600 GT,13-Jul,Gasoline,,Used,Garantie Premium 24 Mois !!!,/offers/bmw-k-1600-gt-garantie-premium-24-mois-gasoline-grey-c4ad7a3b-4f98-4ced-b575-23404324c579
890,14500,11,Kymco Agility 200,11-Jan,Gasoline,,Used,,/offers/kymco-agility-200-gasoline-white-cd4c3abb-d7cf-d71f-e053-0100007f5373
12699,22000,106,Triumph Rocket III Touring,14-Aug,Gasoline,Manual,Used,,/offers/triumph-rocket-iii-touring-gasoline-red-e442b3be-31b7-bf17-e053-0100007fc60f
14500,16000,160,KTM 1290 Super Adventure,20-May,Gasoline,,Used,,/offers/ktm-1290-super-adventure-gasoline-black-c889f2c6-b7e6-a67e-e053-0100007ff66e
700,712,122,Peugeot Speedfight,18-Feb,Gasoline,,Used,,/offers/peugeot-speedfight-gasoline-white-40b996c1-a4e3-b832-e053-0100007f9c96
1450,5926,1,Kymco,18-Jan,Gasoline,,Used,AGILITY 16+ 50,/offers/kymco-others-agility-16-50-gasoline-blue-413cb170-fa28-49d8-b34d-f31e125c86d1
7658,0,,Honda CMX 500,21-Jan,,,New,500A,/offers/honda-cmx-500-500a-red-eeb468d5-5591-4f51-9a2a-d5546f8dfb94
7100,22000,129,MV Agusta F4 750,1-Jan,Gasoline,,Used,,/offers/mv-agusta-f4-750-gasoline-white-c27423c1-bc1f-1f3f-e053-0100007f1ea7
10445,21300,,BMW R nineT,15-Apr,Gasoline,,Used,,/offers/bmw-r-ninet-gasoline-black-d488e00d-91e2-4490-acaa-8312c1bf62d3
7500,5000,349,Piaggio MP3 350,18-Jul,Gasoline,,Used,,/offers/piaggio-mp3-350-gasoline-black-3cf949be-0c64-1408-e053-0100007f8bdb
17500,70,129,Triumph Daytona 675,20-Jan,Gasoline,Manual,Used,Triumph Daytona Moto2 765 Limited Edition 113/765,/offers/triumph-daytona-675-triumph-daytona-moto2-765-limited-edition-113-765-gasoline-black-76dcb1ad-07ab-5910-e053-0100007f2182
10990,3800,,Suzuki Katana 1000,19-May,Gasoline,,Used,,/offers/suzuki-katana-1000-gasoline-silver-e835d40c-329a-4c30-8522-b504298fa237
9990,14236,,Others,19-Jul,Gasoline,,Used,HARLEY DAVIDSON,/offers/others-others-harley-davidson-gasoline-red-17a32011-4b4d-42ab-8cb8-2e9b24fd0d10
10690,10100,145,Ducati Monster 1200,15-Mar,Gasoline,Manual,Used,,/offers/ducati-monster-1200-gasoline-red-e3af29c2-f90e-3d37-e053-0100007f3b22
11890,29860,,Yamaha FJR 1300,14-Oct,Gasoline,,Used,AE,/offers/yamaha-fjr-1300-ae-gasoline-black-5201790a-3720-4254-86ee-c9aa503b2008
16500,10500,205,Yamaha YZF-R1,15-May,Gasoline,,Used,,/offers/yamaha-yzf-r1-gasoline-red-06aacfba-b48e-2b57-e053-0100007fd8e8
7900,38000,150,Kawasaki Z1000 SX,12-May,Gasoline,,Used,,/offers/kawasaki-z1000-sx-gasoline-green-48a633c2-9f58-8f01-e053-0100007f93e7
1050,3856,1,Nova Motors,19-Jun,Electric,Automatic,Used,,/offers/nova-motors-others-electric-black-5493bec5-3966-6f1f-e053-0100007fba80
7499,8101,63,Quadix Buggy 1100,16-Jul,Gasoline,,Used,,/offers/quadix-buggy-1100-gasoline-black-f83d3dc6-5502-1a3b-e053-0100007f80b6
7000,57065,49,Moto Guzzi V 7,Jun-72,Gasoline,,Used,,/offers/moto-guzzi-v-7-gasoline-yellow-08ada8c4-5336-6908-e053-0100007f44ab
3419,500,12,Kymco X-Town,21-Mar,Gasoline,Automatic,Demonstration,125,/offers/kymco-x-town-125-gasoline-blue-2629c370-6061-4bf0-952c-9d2506d1ff28
5490,586,16,Fantic 250E,19-Oct,Gasoline,Manual,Used,,/offers/fantic-250e-gasoline-white-d3953421-69f6-4d55-9fe9-6612da84168d
6500,52000,48,Yamaha TMAX 530,13-Jul,Gasoline,,Used,,/offers/yamaha-tmax-530-gasoline-blue-13ad4b73-c275-43b1-9c94-2e34533cffce
6000,22851,27,Yamaha,Sep-78,Gasoline,,Used,TT 500,/offers/yamaha-others-tt-500-gasoline-orange-0420d7ba-6d87-754e-e053-0100007f343e
13689,13751,125,BMW R 1200 GS LC,13-Aug,Gasoline,Manual,Used,"Akrapovic, Extras!",/offers/bmw-r-1200-gs-lc-akrapovic-extras-gasoline-grey-a77692d9-a8ee-4e43-9942-8435457a495b
14500,23250,158,Ducati Multistrada 1260,18-May,Gasoline,Manual,Used,1260 S,/offers/ducati-multistrada-1260-1260-s-gasoline-grey-de7fa4c8-63e0-427b-96de-198cc9e5a196
7500,23000,95,Triumph Bonneville T100,13-Oct,Gasoline,,Used,Custom,/offers/triumph-bonneville-t100-custom-gasoline-green-5de75da6-294f-4cf7-830e-d272c2c54369
17995,1821,,Kawasaki,21-Jan,,,Used,Z H2,/offers/kawasaki-others-z-h2-black-eb65fdaf-6f27-4da7-8962-f1be4d147a30
11999,1038,1,Suzuki V-Strom 1050,20-Jan,,,Used,A,/offers/suzuki-v-strom-1050-a-black-8430b5f2-0e01-4445-b1e9-dd4d2dbc3c77
3590,0,,Polaris Outlaw,21-Jul,Diesel,,Used,110 EFI,/offers/polaris-outlaw-110-efi-diesel-black-27798fb3-19ab-416a-adec-4eb1c80087d5
9000,25000,46,Yamaha TMAX SX,19-Jun,Gasoline,,Used,tmax 530sx ABS Sport Edition,/offers/yamaha-tmax-sx-tmax-530sx-abs-sport-edition-gasoline-blue-b9e4e1b9-2f4f-fc70-e053-0100007fa102
7500,4000,88,Harley-Davidson Street Rod,19-Nov,Gasoline,,Used,street rod 750,/offers/harley-davidson-street-rod-street-rod-750-gasoline-black-5c8b51f4-873b-4f86-bc61-457c404566b0
11250,6410,,Aprilia RSV4,11-Jul,Gasoline,,Used,1000 R,/offers/aprilia-rsv4-1000-r-gasoline-black-f53962ab-d5c5-4f7f-9b26-fc3929f8f916
20000,800,158,Ducati Multistrada 1260,18-Oct,Gasoline,,Used,,/offers/ducati-multistrada-1260-gasoline-red-ebb372bb-158c-777f-e053-0100007fe364
8450,34500,182,Yamaha YZF-R1,9-Feb,Gasoline,,Used,BIG BANG WHITE EDITION ARROW,/offers/yamaha-yzf-r1-big-bang-white-edition-arrow-gasoline-white-4dc474ed-b71e-4b50-9e33-8880a42cdb12
16650,5900,179,KTM 1290 Super Duke R,20-Nov,Gasoline,Semi-automatic,Used,3 PACCHETTI KTM,/offers/ktm-1290-super-duke-r-3-pacchetti-ktm-gasoline-orange-a9230d10-e621-46e9-918b-d35a7216af73
11999,12956,,Yamaha MT-10,18-Jun,Gasoline,,Used,,/offers/yamaha-mt-10-gasoline-black-082f08f9-2758-4dec-8d37-6cee5e1313ee
6250,12100,91,Honda CB 650,17-Aug,Gasoline,,Used,,/offers/honda-cb-650-gasoline-red-695280c6-999e-512e-e053-0100007f3a25
11690,14300,173,KTM 1290 Super Duke R,14-Jun,Gasoline,Manual,Used,Akrapovic*,/offers/ktm-1290-super-duke-r-akrapovic-gasoline-black-e82bacae-1b11-4ddf-b47d-d997b46ac7a8
6999,2166,,Honda CB 500,18-Jan,,,Used,X ABS,/offers/honda-cb-500-x-abs-black-2cc3b76e-95a6-402e-a20c-5e5a9a77142d
15900,11400,193,BMW HP4,15-Feb,Gasoline,,Used,,/offers/bmw-hp4-gasoline-blue-fee416c3-1186-7944-e053-0100007f634d
10000,7200,114,Yamaha MT-09,18-Sep,Gasoline,Semi-automatic,Used,sp,/offers/yamaha-mt-09-sp-gasoline-blue-16740a17-49cb-457f-a65f-785075df3937
2600,39000,41,Piaggio X 10,13-Oct,Gasoline,Automatic,Used,,/offers/piaggio-x-10-gasoline-blue-d672f9c5-b9d5-db34-e053-0100007f47db
13000,2972,110,BMW R nineT,19-Jul,Gasoline,Manual,Used,,/offers/bmw-r-ninet-gasoline-grey-113e6ac4-5965-a06e-e053-0100007f603c
11000,23000,200,Kawasaki Ninja ZX-10R,15-Jun,Gasoline,,Used,30th anniversario,/offers/kawasaki-ninja-zx-10r-30th-anniversario-gasoline-green-7eb4fd5d-fb3c-4272-9f3b-2bf98ecc96df
13590,1000,,Yamaha Niken,20-Jul,Gasoline,,Used,850,/offers/yamaha-niken-850-gasoline-grey-cf08466a-bbab-4f6a-8781-75030ba1e04f
15999,987,136,BMW R 1250 R,21-Mar,Gasoline,Manual,Demonstration,,/offers/bmw-r-1250-r-gasoline-grey-514da1fd-55bb-4cdb-8128-205387b64fa7
28500,2,63,Moto Guzzi V 7,Jul-72,Gasoline,,Used,Sport vollrestauriert besser als neu,/offers/moto-guzzi-v-7-sport-vollrestauriert-besser-als-neu-gasoline-green-2be16fbe-6f8f-ff10-e053-0100007f1af0
600,171,1,Znen Legend Scooter,11-Oct,Gasoline,,Used,,/offers/znen-legend-scooter-gasoline-white-08b6e0bb-838d-244d-e053-0100007fc8d6
12300,9000,67,Harley-Davidson Sportster,18-Oct,Gasoline,,Used,,/offers/harley-davidson-sportster-gasoline-black-faacf3bd-4c87-e179-e053-0100007f570f
2500,30000,45,KTM 390 Duke,13-Jun,Gasoline,Manual,Used,ABS,/offers/ktm-390-duke-abs-gasoline-orange-0df760fe-7cb6-45da-854e-d88f837bc011
7890,14844,,Yamaha MT-09,18-May,Gasoline,,Used,,/offers/yamaha-mt-09-gasoline-grey-17051de9-1552-483d-b714-530566118327
6500,11600,39,Piaggio MP3 500,16-Jul,Gasoline,,Used,,/offers/piaggio-mp3-500-gasoline-grey-6d2b4ebf-acb0-7d0f-e053-0100007f5bcc
1500,46500,48,Yamaha Majesty 400,9-Apr,Gasoline,,Used,,/offers/yamaha-majesty-400-gasoline-black-3c9301c3-afc9-aa51-e053-0100007f401c
22000,13000,87,Harley-Davidson Electra Glide,15-May,Gasoline,,Used,,/offers/harley-davidson-electra-glide-gasoline-green-813424c3-0e0e-184b-e053-0100007f3f57
10999,23268,95,KTM 790 Duke,20-Jan,Gasoline,Manual,Used,L ABS #Full akra#Full Options,/offers/ktm-790-duke-l-abs-full-akra-full-options-gasoline-orange-9093c198-9334-46bf-8df0-604f37989171
9798,0,,Honda CB 650,21-Jan,,,New,650RA,/offers/honda-cb-650-650ra-blue-3dfef285-f3ae-4961-b826-bd59f8ef9f49
14000,691,110,BMW R nineT,20-Aug,Gasoline,Manual,Used,,/offers/bmw-r-ninet-gasoline-white-652474c5-240a-c518-e053-0100007f065e
8999,10364,111,Kawasaki Z 900,18-Aug,Gasoline,Manual,Used,RS -- 1 Hand -- Neue Reifen+Inspektion !!!,/offers/kawasaki-z-900-rs-1-hand-neue-reifen-inspektion-gasoline-orange-da1020f3-8191-4b03-8781-8153fc2a7fdf
6800,200,22,Kymco MXU 300,21-Apr,Gasoline,Automatic,Used,MXU 300 i T OFF-Road LOF [sofort verfügbar],/offers/kymco-mxu-300-mxu-300-i-t-off-road-lof-sofort-verfuegbar-gasoline-white-5b97d65c-3763-4ba0-93f1-e10821bd98ca
7000,13872,60,BMW C 650,17-Mar,Gasoline,,Used,,/offers/bmw-c-650-gasoline-black-eebe63c2-5e07-8829-e053-0100007f699b
12450,6531,95,BMW F 850 GS,18-Jan,,,Used,,/offers/bmw-f-850-gs-red-cc57d89d-7e18-4e81-a47b-97c5464dbe7e
7000,123456,24,Ariel Motorcycles HT,Jan-41,Gasoline,,Used,,/offers/ariel-motorcycles-ht-gasoline-black-afb7299d-2cba-4b1e-9584-d35228417d73
6490,8399,,Ducati Scrambler,18-Jul,Gasoline,,Used,47.5,/offers/ducati-scrambler-47-5-gasoline-black-228993b1-34cc-4b32-8b48-e35f46c89a0d
7000,41000,124,Yamaha YZF-R6,12-Apr,Gasoline,,Used,,/offers/yamaha-yzf-r6-gasoline-red-e82963ba-4bca-457c-e053-0100007f552b
39900,5310,71,Harley-Davidson Softail,8-Apr,Gasoline,,Used,Heritage Softail 105 Jahre Modell Customstyle,/offers/harley-davidson-softail-heritage-softail-105-jahre-modell-customstyle-gasoline-black-21e604f2-e980-4b08-ac2d-6ee8cc2ba7e9
9990,5584,,Ducati Scrambler,17-Apr,Gasoline,,Used,,/offers/ducati-scrambler-gasoline-black-458218ed-76c5-43b2-bc9f-2129b5c1e403
6000,230,24,Others,13-Jul,Diesel,,Used,John Deere Gator XUV 855D Allrad,/offers/others-others-john-deere-gator-xuv-855d-allrad-diesel-green-2e6640c4-00b7-285d-e053-0100007f3766
6999,5276,,Honda NC 750,16-Jan,,,Used,X,/offers/honda-nc-750-x-red-d70cd384-406a-4e62-a3da-d46d234e12e4
11000,11700,,Honda CBR 1000,15-Mar,Gasoline,,Used,RR FIREBLADE ABS,/offers/honda-cbr-1000-rr-fireblade-abs-gasoline-2c63fd77-6f8c-4a67-96e5-a4f334ac3dab
8590,46604,,Triumph Tiger 800,16-Nov,Gasoline,,Used,,/offers/triumph-tiger-800-gasoline-white-7970bf28-7be7-4723-a101-2b10d9b54062
18450,18200,125,BMW R 1200 GS,16-May,,Manual,Used,Adventure ABS,/offers/bmw-r-1200-gs-adventure-abs-blue-58bf9720-e76d-4cbb-89c0-5fde8a529e3f
6500,4000,48,Fantic Caballero 500,20-Jun,Gasoline,,Used,rally,/offers/fantic-caballero-500-rally-gasoline-green-c9163596-e7a2-4429-ad42-1c435f8c3537
10999,1186,150,Suzuki Katana 1000,20-Jan,Gasoline,Manual,Demonstration,Katana Modell 2020 schwarz,/offers/suzuki-katana-1000-katana-modell-2020-schwarz-gasoline-black-93df13dc-e7d6-41d2-89ea-f779ba1699a0
13500,12600,125,BMW R 1200 RS,18-Feb,Gasoline,Manual,Used,,/offers/bmw-r-1200-rs-gasoline-grey-4e1190c0-a280-3c3b-e053-0100007f9e47
400,37000,14,Malaguti Blog 160,9-Jan,Gasoline,,Used,,/offers/malaguti-blog-160-gasoline-black-9413bbb9-2a7a-963c-e053-0100007f2de5
9000,68632,83,Laverda 1000,Feb-83,Gasoline,Manual,Used,,/offers/laverda-1000-gasoline-red-950f7ebd-3c6f-8c6d-e053-0100007f440f
1400,2760,11,Mash Seventyfive 125,15-May,Gasoline,,Used,,/offers/mash-seventyfive-125-gasoline-white-6efdccc3-f7e5-f114-e053-0100007f2579
7500,2300,48,Honda CTX 700,16-Jun,Gasoline,,Used,,/offers/honda-ctx-700-gasoline-black-44b6c10b-331a-48cd-ba03-16f02cd2566e
8989,28403,139,Kawasaki Z 1000,13-Apr,Gasoline,Manual,Used,IXIL,/offers/kawasaki-z-1000-ixil-gasoline-green-bbfbdadd-1a9c-4250-9a48-1ef1d0421c9e
1900,29000,33,Kymco Downtown 300i,10-Nov,Gasoline,Automatic,Used,2010 - KM. 29000,/offers/kymco-downtown-300i-2010-km-29000-gasoline-silver-52aaf7e5-e009-4eec-894e-697e04d2b522
10000,47700,68,Harley-Davidson 1200 Custom,14-Jul,Gasoline,,Used,,/offers/harley-davidson-1200-custom-gasoline-black-e18670c2-aa46-047a-e053-0100007f8859
2250,501,,Others,20-Sep,Gasoline,,Used,ORCAL,/offers/others-others-orcal-gasoline-brown-845694df-f9fe-47d2-9047-070f9d98dbdc
18990,9300,121,Harley-Davidson V-Rod,17-Aug,Gasoline,Manual,Used,VRSCF,/offers/harley-davidson-v-rod-vrscf-gasoline-white-81c9b0aa-657f-446b-878d-772658543ec7
20800,3350,200,Yamaha Vmax,17-Apr,Gasoline,Manual,Used,RP 21,/offers/yamaha-vmax-rp-21-gasoline-black-9b1c4fbb-cd07-5530-e053-0100007fc7cb
6100,21000,163,Yamaha MT-09,14-Mar,Gasoline,,Used,,/offers/yamaha-mt-09-gasoline-orange-e0eb20ac-508e-6f55-e053-0100007ffddd
12490,22168,145,Ducati 899 Panigale,14-Jan,,,Used,,/offers/ducati-899-panigale-red-82513cfa-cd56-4e0e-987f-5beb80f2d26e
10250,26171,,Honda VFR 800,16-Jan,,,Used,X Crossrunner ABS,/offers/honda-vfr-800-x-crossrunner-abs-red-53ffa5c1-477a-4988-9418-af3b2ce96826
2100,22000,14,Vespa Primavera 150 3V,14-May,Gasoline,,Used,,/offers/vespa-primavera-150-3v-gasoline-black-980474ba-3139-ee1e-e053-0100007f42ef
6350,40900,109,BMW R 1200 R,10-Apr,Gasoline,,Used,,/offers/bmw-r-1200-r-gasoline-black-121e9fc5-1e43-5c51-e053-0100007fc782
6700,50000,185,Suzuki GSX-R 1000,10-Jun,Gasoline,,Used,K10,/offers/suzuki-gsx-r-1000-k10-gasoline-blue-47be704b-1bb9-422a-867f-a4ca7ac3ddff
14990,41668,125,BMW R 1200 GS,17-Mar,,,Used,Adv. Tieferlegung,/offers/bmw-r-1200-gs-adv-tieferlegung-f52719fd-1b52-4253-8794-c9ed9d33696c
18500,11600,71,Harley-Davidson Heritage Softail,5-Jul,Gasoline,Manual,Used,Softail de Luxe,/offers/harley-davidson-heritage-softail-softail-de-luxe-gasoline-red-e240d3be-e9fc-3b5d-e053-0100007fa9ce
10375,25,73,Yamaha,20-Jun,Gasoline,Manual,Used,XTZ 700 Ténéré *World-Raid*,/offers/yamaha-others-xtz-700-tenere-world-raid-gasoline-blue-94fe114c-f1e0-4788-a950-226570c280b0
1700,44000,169,Honda SH 150,15-Feb,Gasoline,,Used,,/offers/honda-sh-150-gasoline-white-060842bd-d47e-625c-e053-0100007f3c26
10100,238,,Husqvarna 701 Supermoto,21-Apr,Gasoline,,Used,,/offers/husqvarna-701-supermoto-gasoline-silver-91e9c1f7-ffaf-422b-806a-17feaccf7ba0
10699,0,,Kawasaki Z 900,21-Jan,,,New,,/offers/kawasaki-z-900-white-0a091124-384e-4d94-8d64-15946c2e7732
16500,0,,Triumph Tiger 900,21-Jan,,,New,RALLY,/offers/triumph-tiger-900-rally-black-dea37246-6ff8-485e-b9ff-ae2a53ceb2e2
7000,16890,75,BMW F 700 GS,15-Jul,Gasoline,Manual,Used,"Komfort- und Sicherheitsp., TÜV, Reifen, Bat. neu",/offers/bmw-f-700-gs-komfort-und-sicherheitsp-tuev-reifen-bat-neu-gasoline-white-9f65d9b5-b734-4e5b-aa98-f58b5596720f
8900,54196,110,BMW R 1200 GS,11-Mar,Gasoline,,Used,,/offers/bmw-r-1200-gs-gasoline-black-c1ce8ab0-75aa-5c3d-e053-0100007fb5e8
10000,30000,63,Yamaha XV 1600,Jun-99,Gasoline,,Used,,/offers/yamaha-xv-1600-gasoline-black-f04e19c3-112e-a327-e053-0100007fe7db
200,16000,170,Yamaha Cygnus,May-99,Gasoline,,Used,,/offers/yamaha-cygnus-gasoline-blue-3c5a76c6-f1ed-6c7c-e053-0100007fbd6f
12250,24053,165,BMW S 1000 XR,17-Jun,Gasoline,Manual,Used,,/offers/bmw-s-1000-xr-gasoline-white-c5fbf3bc-26bb-4851-91b0-cc255fe159e5
12800,53231,,BMW K 1600 GT,14-Jul,Gasoline,,Used,,/offers/bmw-k-1600-gt-gasoline-black-0bd859ea-a333-49f6-8a8b-e159a22eaf01
9500,13000,54,Honda X-ADV,19-Jul,Gasoline,,Used,,/offers/honda-x-adv-gasoline-red-104538be-4e1f-9830-e053-0100007f9f12
6950,23300,48,Kawasaki VN 900,16-Oct,Gasoline,Manual,Used,CLASSIC MIT SCHÖNER AUSSTATTUNG,/offers/kawasaki-vn-900-classic-mit-schoener-ausstattung-gasoline-black-c11fd59c-abaa-46f4-a063-2045cbc12791
2250,1386,38,Peugeot Django 50,15-Jul,Gasoline,,Used,sport,/offers/peugeot-django-50-sport-gasoline-blue-4090abba-3712-385a-e053-0100007fcea3
25000,650,48,Harley-Davidson Fat Bob,18-Apr,Gasoline,,Used,,/offers/harley-davidson-fat-bob-gasoline-black-cf1c765a-7153-4dbc-b835-7c9e6f2819ff
1090,9800,1,Peugeot Vivacity 50,10-Sep,Gasoline,Automatic,Used,,/offers/peugeot-vivacity-50-gasoline-white-fb18947d-34c5-4ebf-8a6f-2550081099be
6990,2344,20,KTM 500 EXC,15-Dec,Gasoline,Manual,Used,,/offers/ktm-500-exc-gasoline-white-899065bc-d67c-5815-e053-0100007f6c87
9200,3030,48,Kymco MXU 700,17-May,Gasoline,Automatic,Used,Kymco MXU 700i EPS 35KW | Schneepfl.Koffer.Winde,/offers/kymco-mxu-700-kymco-mxu-700i-eps-35kw-schneepfl-koffer-winde-gasoline-black-a0d569b9-e72e-3375-e053-0100007f771a
6500,23000,114,Suzuki GSX-S 750,19-Jul,Gasoline,,Used,moto impecable como nueva,/offers/suzuki-gsx-s-750-moto-impecable-como-nueva-gasoline-blue-89a24925-be56-4283-9244-6d7dc3d18f68
10000,19400,207,BMW S 1000 RR,15-Jan,Gasoline,,Used,,/offers/bmw-s-1000-rr-gasoline-white-2cded4b3-fac5-e803-e053-0100007f2fe5
24750,11532,136,BMW R 1250 RT,20-Mar,,Manual,Used,,/offers/bmw-r-1250-rt-brown-ce651017-6f65-46f5-a1e9-09b672385d96
2400,16000,41,Cectek Quadrift 500,10-Sep,Gasoline,,Used,,/offers/cectek-quadrift-500-gasoline-grey-6b73c48e-64bf-457a-9c1d-8d0067ebc1b0
6999,5158,48,Honda CTX 700,15-May,Gasoline,Automatic,Used,700N DCT ABS 700,/offers/honda-ctx-700-700n-dct-abs-700-gasoline-white-d3743fa1-23f7-4dee-a06d-d8b0c35cf3f3
9999,0,,Yamaha Tracer 700,21-Jan,Gasoline,,New,A.B.S,/offers/yamaha-tracer-700-a-b-s-gasoline-grey-8e965419-df0f-4ea5-b82b-dd0f31d8e05d
9499,1098,125,Kawasaki Z 900,19-Jul,Gasoline,Manual,Used,,/offers/kawasaki-z-900-gasoline-grey-9ddd3dc3-207f-3409-e053-0100007f67f3
9000,19000,60,BMW R 100 GS,May-93,Gasoline,Manual,Used,,/offers/bmw-r-100-gs-gasoline-red-b02872ba-a573-8361-e053-0100007fe95b
6900,700,71,Suzuki V-Strom 650,19-Sep,Gasoline,,Used,,/offers/suzuki-v-strom-650-gasoline-red-062383c1-0a50-0042-e053-0100007f4998
7800,7699,53,Suzuki Burgman 650,18-Aug,Gasoline,Automatic,Used,,/offers/suzuki-burgman-650-gasoline-grey-f71619c3-2d05-5614-e053-0100007fb856
10290,2500,48,BMW F 900 R,21-Mar,Gasoline,Manual,Demonstration,A2 | 4 Pakete | Notruf,/offers/bmw-f-900-r-a2-4-pakete-notruf-gasoline-blue-6afeb97a-feb8-4346-9348-7db5e7a7f558
7500,10000,500,Piaggio MP3 500,16-May,Gasoline,,Used,,/offers/piaggio-mp3-500-gasoline-grey-76e132f7-0c2f-43c8-b850-c2d86662eff2
8500,17700,125,BMW R 1200 RS,15-Jan,Gasoline,,Used,,/offers/bmw-r-1200-rs-gasoline-grey-af75c8c2-436c-6a44-e053-0100007f9c7a
22000,25000,101,Harley-Davidson Road King,15-Jul,Gasoline,,Used,harley road king cvo 2015,/offers/harley-davidson-road-king-harley-road-king-cvo-2015-gasoline-green-db922eab-d936-a750-e053-0100007f90da
7250,477,69,Kawasaki Ninja 650,20-Mar,Gasoline,,Used,,/offers/kawasaki-ninja-650-gasoline-black-c8670199-9a13-41b8-a250-1fef1753f767
21100,0,,KTM 1290 Super Duke R,21-Jan,,,New,,/offers/ktm-1290-super-duke-r-orange-551b2196-8060-42df-b1a0-06e67badc341
8990,25700,,BMW R 1200 R,15-Jan,Gasoline,,Used,,/offers/bmw-r-1200-r-gasoline-white-39a4650c-6d63-439a-a1f6-55b1dae57168
7250,40000,131,Honda VTX 1800,2-Jan,Gasoline,,Used,,/offers/honda-vtx-1800-gasoline-blue-89a063fb-0e31-4fd3-badb-cc36d1faf6df
10900,13500,79,Harley-Davidson Sportster 1200,2-Jul,Gasoline,,Used,,/offers/harley-davidson-sportster-1200-gasoline-black-8df679c3-f862-0f46-e053-0100007fcc35
15000,72000,125,BMW R 1200 GS,17-Jul,Gasoline,,Used,,/offers/bmw-r-1200-gs-gasoline-blue-898489c5-1520-592b-e053-0100007fde8f
6000,2500,22,Vespa GTS 300,18-Aug,Gasoline,,Used,,/offers/vespa-gts-300-gasoline-white-2806d3c2-8567-8440-e053-0100007fbbcb
6240,33500,105,BMW R 1200,9-Mar,Gasoline,,Used,,/offers/bmw-r-1200-gasoline-blue-c4d012ba-9737-5318-e053-0100007fbca2
10790,6338,116,Yamaha Niken,18-Oct,Gasoline,Manual,Used,,/offers/yamaha-niken-gasoline-grey-57a06e54-23b6-4ab1-a805-c9c518b2fcea
9600,2000,58,BMW R 80/7,Feb-78,Gasoline,,Used,,/offers/bmw-r-80-7-gasoline-black-00a974bf-6e77-454d-e053-0100007fdef1
1700,3000,14,Malaguti XTM,9-Nov,Two Stroke Gasoline,Manual,Used,enduro,/offers/malaguti-xtm-enduro-two-stroke-gasoline-white-817a22e6-4e25-4404-99a4-5f74d3ad07c9
18000,15500,15,Yamaha Xenter 150,17-May,Gasoline,,Used,,/offers/yamaha-xenter-150-gasoline-grey-971d03b9-965d-b73c-e053-0100007fd058
10600,49904,107,BMW R 1200 RS,16-Apr,Gasoline,,Used,Tva Récup + Gar Premium 24 Mois !!!,/offers/bmw-r-1200-rs-tva-recup-gar-premium-24-mois-gasoline-blue-519a1bc9-4326-4866-a9a1-0d40728afb84
3829,0,,Vespa Sprint,21-Jan,,,New,25 km,/offers/vespa-sprint-25-km-white-627ec5dc-738b-4f7e-a2cf-196718b198eb
10499,18200,77,Triumph Bonneville Bobber,18-Jul,Gasoline,,Used,1200 Vance & Hines,/offers/triumph-bonneville-bobber-1200-vance-hines-gasoline-black-52befec6-fb56-c217-e053-0100007ff0ce
14900,1,203,Suzuki GSX-R 1000,18-Jan,Gasoline,,Used,NEU ML Editions Weiß-Matt Einzelstück,/offers/suzuki-gsx-r-1000-neu-ml-editions-weiss-matt-einzelstueck-gasoline-white-6de557bc-8215-fb55-e053-0100007f35a9
10000,4000,68,Harley-Davidson Sportster 1200,14-Jun,Gasoline,Manual,Used,,/offers/harley-davidson-sportster-1200-gasoline-black-938254bf-9293-447d-e053-0100007f3152
21000,1900,110,Harley-Davidson Fat Boy,18-Jun,Gasoline,,Used,serie limitata,/offers/harley-davidson-fat-boy-serie-limitata-gasoline-blue-dab9678f-58ae-4c7b-b462-80fda2b4557e
11999,22000,160,Harley-Davidson Dyna Street Bob,10-Jun,Gasoline,,Used,,/offers/harley-davidson-dyna-street-bob-gasoline-black-f27d9dc1-8ae5-2d41-e053-0100007f53fe
19990,3,165,BMW S 1000 XR,20-Feb,Gasoline,Manual,Used,,/offers/bmw-s-1000-xr-gasoline-red-d93b91ea-ad58-468d-a3e6-0039033fb6df
7499,1300,,Yamaha SCR 950,17-Apr,Gasoline,,Used,,/offers/yamaha-scr-950-gasoline-red-64f7327e-9498-4c42-b22e-7f716d82c5cb
18000,99999,42,Triumph Thunderbird 6T,Jan-52,Gasoline,,Used,,/offers/triumph-thunderbird-6t-gasoline-brown-5f4298b9-ff81-662e-e053-0100007f707d
8999,0,,CF Moto CForce 625,21-Jul,Diesel,,Used,TOURING S T3 E5,/offers/cf-moto-cforce-625-touring-s-t3-e5-diesel-black-7a012cbb-0a6a-4289-b1da-16a2ecf7f4a2
10000,44000,82,Triumph Thunderbird Sport,4-Jan,Gasoline,,Used,custom cafe racer,/offers/triumph-thunderbird-sport-custom-cafe-racer-gasoline-blue-36e06d4f-da2a-4f90-a1b8-1a06f250e99a
9000,42292,129,Honda VFR 1200,12-Mar,Gasoline,Automatic,Used,,/offers/honda-vfr-1200-gasoline-black-4f7ca0c0-22e1-0a76-e053-0100007f06db
10750,850,105,BMW F 900 R,21-Mar,Gasoline,Manual,Demonstration,4 Pakete - SOS - San Marino Blau,/offers/bmw-f-900-r-4-pakete-sos-san-marino-blau-gasoline-blue-32c72295-36f8-4333-bb05-24dfd1259433
1990,290,4,SYM Jet 14,21-Mar,Gasoline,Automatic,Used,50 wie Neu,/offers/sym-jet-14-50-wie-neu-gasoline-white-f99fcce9-32e4-4f2c-a128-dec8001114ea
10798,0,95,Honda CBR 650,21-Jan,Gasoline,Manual,New,650R,/offers/honda-cbr-650-650r-gasoline-black-b0da7683-335f-442c-997a-f40208deda1d
7999,150,29,Others,20-Jan,Gasoline,Automatic,Demonstration,Quadro Quadro3 QV3 Motorrijden met B-rijbewijs !,/offers/others-others-quadro-quadro3-qv3-motorrijden-met-b-rijbewijs-gasoline-white-155e11db-a396-4152-8ad7-64c2ebe50045
6990,24000,118,Kawasaki Versys 1000,13-Feb,Gasoline,Manual,Used,#NAME?,/offers/kawasaki-versys-1000-trax-seitenkoffer-gasoline-black-e3ba6529-ff69-4d56-9f75-6a8d57751454
9000,13081,116,Yamaha MT-09,19-Apr,Gasoline,,Used,abs,/offers/yamaha-mt-09-abs-gasoline-blue-f3a5eaa6-5b75-41e5-8ea4-a00bddc3e42b
33799,0,,Can Am Maverick,21-Jul,Diesel,,Used,X RC Turbo RR INT,/offers/can-am-maverick-x-rc-turbo-rr-int-diesel-black-e4a6d81d-1450-4214-ba11-e5adc8c70c12
11899,0,73,Yamaha Ténéré 700,21-Jan,,,New,ABS,/offers/yamaha-tenere-700-abs-black-3f4831b4-4f58-47b7-979e-2c6958e50ded
6990,10100,61,Kawasaki Vulcan S,16-Oct,Gasoline,Manual,Used,,/offers/kawasaki-vulcan-s-gasoline-green-227c633e-17e8-44e8-90b8-1005db7d4c28
16900,3500,,Ducati Monster 1200,20-May,Gasoline,,Used,,/offers/ducati-monster-1200-gasoline-red-a1485ec3-3cfb-4e14-a721-858dd5d2827e
3000,16500,279,Honda SH 300,14-Apr,Gasoline,Automatic,Used,,/offers/honda-sh-300-gasoline-white-91af98c1-8612-8171-e053-0100007f533c
8750,21900,143,Kawasaki Z 1000,15-Jan,Gasoline,,Used,SX ABS,/offers/kawasaki-z-1000-sx-abs-gasoline-black-e5ce0a9a-b8eb-4534-844e-a97db00655f5
11950,25900,107,BMW R 1200 GS,15-Apr,Gasoline,,Used,,/offers/bmw-r-1200-gs-gasoline-black-6aa62fc4-4622-2027-e053-0100007f7898
7200,40000,67,Suzuki VS 1400,May-92,Gasoline,,Used,,/offers/suzuki-vs-1400-gasoline-white-0473e0f2-3726-4853-87e7-c9f69878096d
16590,2296,136,BMW R 1250 RS,20-Apr,Gasoline,,Used,schöne RS wie NEU !!,/offers/bmw-r-1250-rs-schoene-rs-wie-neu-gasoline-yellow-1e12dc12-16b9-4d96-ae60-54bfa19b3f7e
7490,25446,145,Suzuki GSX-S 1000,15-Aug,Gasoline,Manual,Used,Suzuki GSX-S 1000 F 170-180 cm Höhe optimal,/offers/suzuki-gsx-s-1000-suzuki-gsx-s-1000-f-170-180-cm-hoehe-optimal-gasoline-red-c7dc21a1-e9c5-140f-e053-e350040aa451
12500,3100,95,BMW F 850 GS,19-Jul,Gasoline,Manual,Used,,/offers/bmw-f-850-gs-gasoline-989582cf-b93e-46c6-a549-e3471896483c
8000,15000,39,Yamaha XVS 650,Aug-99,Gasoline,Manual,Used,,/offers/yamaha-xvs-650-gasoline-black-8ae68fbf-0d0f-cb39-e053-0100007f80f5
16500,23000,82,Harley-Davidson Heritage Softail,Mar-97,Gasoline,,Used,,/offers/harley-davidson-heritage-softail-gasoline-silver-587b33ba-e78a-9947-e053-0100007fd88f
14290,6094,95,Honda CRF 1000,19-Jan,,,Used,AFRICA TWIN,/offers/honda-crf-1000-africa-twin-black-70f8223f-101d-42b9-a079-8d72bdb196f7
17000,15000,158,Ducati Multistrada 1260,19-Jun,Gasoline,,Used,pikes pike,/offers/ducati-multistrada-1260-pikes-pike-gasoline-red-6a2d631b-2041-4880-943b-88fab24024ea
21900,1116,,BMW R18 Classic,21-Jun,Gasoline,,Used,,/offers/bmw-r18-classic-gasoline-black-73eae4eb-ea9d-4236-a53a-b0ad3336cf13
10499,6350,88,Victory Boardwalk,17-Jun,Gasoline,,Used,,/offers/victory-boardwalk-gasoline-black-cbe311bc-f328-7e52-e053-0100007f2379
9750,1090,73,Ducati Scrambler,17-Jan,Gasoline,,Used,Special,/offers/ducati-scrambler-special-gasoline-white-523d1390-8b34-4575-8b7c-7cb77f0491a7
17500,38500,18,Zündapp DS 350,Jul-38,Gasoline,,Used,,/offers/zuendapp-ds-350-gasoline-black-a01150c4-1685-f428-e053-0100007f70a4
